grade,subject,classification,lessons,humanReviewed,legacyStatusOnly,objectivesInPayload,classwork,homework,practice,quiz,assessmentQuestions,labsInPayload,typedLabs,units,moeObjectives,exams,moeArchive,releases,gaps
1,MATH,SOURCE_EXISTS_NOT_IMPORTED,0,0,0,0,0,0,0,0,0,0,0,2,0,0,yes,0,"NO_LIVE_LESSONS;NO_GOVERNED_OBJECTIVES;NO_CLASSWORK;NO_HOMEWORK;NO_QUIZ_OR_ITEMS;NO_TEST_OR_EXAM;NO_DIAGNOSTIC_BINDING;NO_TEXTBOOK_RESOURCE;NO_EXECUTABLE_RELEASE;NO_TOOL_POLICY"
1,LITERACY,RELEASE_BINDING_GAP,4,0,4,4,0,0,0,0,0,0,0,2,0,0,yes,0,"NO_GOVERNED_OBJECTIVES;LESSONS_WITHOUT_HUMAN_REVIEW;UNVERIFIED_PROVENANCE;NO_CLASSWORK;NO_HOMEWORK;NO_PRACTICE;NO_QUIZ_OR_ITEMS;NO_TEST_OR_EXAM;NO_DIAGNOSTIC_BINDING;NO_TEXTBOOK_RESOURCE;NO_EXECUTABLE_RELEASE;NO_TOOL_POLICY;NON_CANONICAL_SUBJECT_BINDING"
1,SCIENCE,SOURCE_EXISTS_NOT_IMPORTED,0,0,0,0,0,0,0,0,0,0,0,2,0,0,yes,0,"NO_LIVE_LESSONS;NO_GOVERNED_OBJECTIVES;NO_CLASSWORK;NO_HOMEWORK;NO_PRACTICE;NO_QUIZ_OR_ITEMS;NO_TEST_OR_EXAM;NO_DIAGNOSTIC_BINDING;NO_TEXTBOOK_RESOURCE;NO_EXECUTABLE_RELEASE;NO_TOOL_POLICY;NO_TYPED_LAB"
1,SOCIAL_STUDIES,SOURCE_EXISTS_NOT_IMPORTED,0,0,0,0,0,0,0,0,0,0,0,2,0,0,yes,0,"NO_LIVE_LESSONS;NO_GOVERNED_OBJECTIVES;NO_CLASSWORK;NO_HOMEWORK;NO_PRACTICE;NO_QUIZ_OR_ITEMS;NO_TEST_OR_EXAM;NO_DIAGNOSTIC_BINDING;NO_TEXTBOOK_RESOURCE;NO_EXECUTABLE_RELEASE;NO_TOOL_POLICY"
1,CIVICS,RELEASE_BINDING_GAP,18,0,18,18,9,0,9,0,9,0,0,2,0,0,no,0,"NO_VERIFIED_SOURCE;NO_GOVERNED_OBJECTIVES;LESSONS_WITHOUT_HUMAN_REVIEW;UNVERIFIED_PROVENANCE;NO_HOMEWORK;NO_TEST_OR_EXAM;NO_DIAGNOSTIC_BINDING;NO_TEXTBOOK_RESOURCE;NO_EXECUTABLE_RELEASE;NO_TOOL_POLICY"
1,COMPUTER_SCIENCE,RELEASE_BINDING_GAP,10,0,10,10,0,0,0,0,0,0,0,0,0,0,no,0,"NO_VERIFIED_SOURCE;NO_GOVERNED_OBJECTIVES;LESSONS_WITHOUT_HUMAN_REVIEW;UNVERIFIED_PROVENANCE;NO_CLASSWORK;NO_HOMEWORK;NO_PRACTICE;NO_QUIZ_OR_ITEMS;NO_TEST_OR_EXAM;NO_DIAGNOSTIC_BINDING;NO_UNIT_STRUCTURE;NO_TEXTBOOK_RESOURCE;NO_EXECUTABLE_RELEASE;NO_TOOL_POLICY"
1,DIGITAL_LITERACY,NO_VERIFIED_SOURCE,0,0,0,0,0,0,0,0,0,0,0,0,0,0,no,0,"NO_LIVE_LESSONS;NO_VERIFIED_SOURCE;NO_GOVERNED_OBJECTIVES;NO_CLASSWORK;NO_HOMEWORK;NO_PRACTICE;NO_QUIZ_OR_ITEMS;NO_TEST_OR_EXAM;NO_DIAGNOSTIC_BINDING;NO_UNIT_STRUCTURE;NO_TEXTBOOK_RESOURCE;NO_EXECUTABLE_RELEASE;NO_TOOL_POLICY"
1,ENGINEERING_FOUNDATIONS,RELEASE_BINDING_GAP,12,0,12,12,0,0,0,0,0,0,0,0,0,0,no,0,"NO_VERIFIED_SOURCE;NO_GOVERNED_OBJECTIVES;LESSONS_WITHOUT_HUMAN_REVIEW;UNVERIFIED_PROVENANCE;NO_CLASSWORK;NO_HOMEWORK;NO_PRACTICE;NO_QUIZ_OR_ITEMS;NO_TEST_OR_EXAM;NO_DIAGNOSTIC_BINDING;NO_UNIT_STRUCTURE;NO_TEXTBOOK_RESOURCE;NO_EXECUTABLE_RELEASE;NO_TOOL_POLICY"
1,BUSINESS_ENTREPRENEURSHIP,NO_VERIFIED_SOURCE,0,0,0,0,0,0,0,0,0,0,0,0,0,0,no,0,"NO_LIVE_LESSONS;NO_VERIFIED_SOURCE;NO_GOVERNED_OBJECTIVES;NO_CLASSWORK;NO_HOMEWORK;NO_PRACTICE;NO_QUIZ_OR_ITEMS;NO_TEST_OR_EXAM;NO_DIAGNOSTIC_BINDING;NO_UNIT_STRUCTURE;NO_TEXTBOOK_RESOURCE;NO_EXECUTABLE_RELEASE;NO_TOOL_POLICY"
1,FINANCIAL_LITERACY,NO_VERIFIED_SOURCE,0,0,0,0,0,0,0,0,0,0,0,0,0,0,no,0,"NO_LIVE_LESSONS;NO_VERIFIED_SOURCE;NO_GOVERNED_OBJECTIVES;NO_CLASSWORK;NO_HOMEWORK;NO_PRACTICE;NO_QUIZ_OR_ITEMS;NO_TEST_OR_EXAM;NO_DIAGNOSTIC_BINDING;NO_UNIT_STRUCTURE;NO_TEXTBOOK_RESOURCE;NO_EXECUTABLE_RELEASE;NO_TOOL_POLICY"
1,CAREER_EXPLORATION,NO_VERIFIED_SOURCE,0,0,0,0,0,0,0,0,0,0,0,0,0,0,no,0,"NO_LIVE_LESSONS;NO_VERIFIED_SOURCE;NO_GOVERNED_OBJECTIVES;NO_CLASSWORK;NO_HOMEWORK;NO_PRACTICE;NO_QUIZ_OR_ITEMS;NO_TEST_OR_EXAM;NO_DIAGNOSTIC_BINDING;NO_UNIT_STRUCTURE;NO_TEXTBOOK_RESOURCE;NO_EXECUTABLE_RELEASE;NO_TOOL_POLICY"
1,COMMUNICATION_SKILLS,NO_VERIFIED_SOURCE,0,0,0,0,0,0,0,0,0,0,0,0,0,0,no,0,"NO_LIVE_LESSONS;NO_VERIFIED_SOURCE;NO_GOVERNED_OBJECTIVES;NO_CLASSWORK;NO_HOMEWORK;NO_PRACTICE;NO_QUIZ_OR_ITEMS;NO_TEST_OR_EXAM;NO_DIAGNOSTIC_BINDING;NO_UNIT_STRUCTURE;NO_TEXTBOOK_RESOURCE;NO_EXECUTABLE_RELEASE;NO_TOOL_POLICY"
1,PROBLEM_SOLVING,NO_VERIFIED_SOURCE,0,0,0,0,0,0,0,0,0,0,0,0,0,0,no,0,"NO_LIVE_LESSONS;NO_VERIFIED_SOURCE;NO_GOVERNED_OBJECTIVES;NO_CLASSWORK;NO_HOMEWORK;NO_PRACTICE;NO_QUIZ_OR_ITEMS;NO_TEST_OR_EXAM;NO_DIAGNOSTIC_BINDING;NO_UNIT_STRUCTURE;NO_TEXTBOOK_RESOURCE;NO_EXECUTABLE_RELEASE;NO_TOOL_POLICY"
1,CREATIVITY_INNOVATION,NO_VERIFIED_SOURCE,0,0,0,0,0,0,0,0,0,0,0,0,0,0,no,0,"NO_LIVE_LESSONS;NO_VERIFIED_SOURCE;NO_GOVERNED_OBJECTIVES;NO_CLASSWORK;NO_HOMEWORK;NO_PRACTICE;NO_QUIZ_OR_ITEMS;NO_TEST_OR_EXAM;NO_DIAGNOSTIC_BINDING;NO_UNIT_STRUCTURE;NO_TEXTBOOK_RESOURCE;NO_EXECUTABLE_RELEASE;NO_TOOL_POLICY"
1,AGRICULTURE,NO_VERIFIED_SOURCE,0,0,0,0,0,0,0,0,0,0,0,0,0,0,no,0,"NO_LIVE_LESSONS;NO_VERIFIED_SOURCE;NO_GOVERNED_OBJECTIVES;NO_CLASSWORK;NO_HOMEWORK;NO_PRACTICE;NO_QUIZ_OR_ITEMS;NO_TEST_OR_EXAM;NO_DIAGNOSTIC_BINDING;NO_UNIT_STRUCTURE;NO_TEXTBOOK_RESOURCE;NO_EXECUTABLE_RELEASE;NO_TOOL_POLICY"
1,ENVIRONMENTAL_STUDIES,NO_VERIFIED_SOURCE,0,0,0,0,0,0,0,0,0,0,0,0,0,0,no,0,"NO_LIVE_LESSONS;NO_VERIFIED_SOURCE;NO_GOVERNED_OBJECTIVES;NO_CLASSWORK;NO_HOMEWORK;NO_PRACTICE;NO_QUIZ_OR_ITEMS;NO_TEST_OR_EXAM;NO_DIAGNOSTIC_BINDING;NO_UNIT_STRUCTURE;NO_TEXTBOOK_RESOURCE;NO_EXECUTABLE_RELEASE;NO_TOOL_POLICY"
1,AI_LITERACY,NO_VERIFIED_SOURCE,0,0,0,0,0,0,0,0,0,0,0,0,0,0,no,0,"NO_LIVE_LESSONS;NO_VERIFIED_SOURCE;NO_GOVERNED_OBJECTIVES;NO_CLASSWORK;NO_HOMEWORK;NO_PRACTICE;NO_QUIZ_OR_ITEMS;NO_TEST_OR_EXAM;NO_DIAGNOSTIC_BINDING;NO_UNIT_STRUCTURE;NO_TEXTBOOK_RESOURCE;NO_EXECUTABLE_RELEASE;NO_TOOL_POLICY"
1,DATA_LITERACY,NO_VERIFIED_SOURCE,0,0,0,0,0,0,0,0,0,0,0,0,0,0,no,0,"NO_LIVE_LESSONS;NO_VERIFIED_SOURCE;NO_GOVERNED_OBJECTIVES;NO_CLASSWORK;NO_HOMEWORK;NO_PRACTICE;NO_QUIZ_OR_ITEMS;NO_TEST_OR_EXAM;NO_DIAGNOSTIC_BINDING;NO_UNIT_STRUCTURE;NO_TEXTBOOK_RESOURCE;NO_EXECUTABLE_RELEASE;NO_TOOL_POLICY"
1,ENERGY_INFRASTRUCTURE,NO_VERIFIED_SOURCE,0,0,0,0,0,0,0,0,0,0,0,0,0,0,no,0,"NO_LIVE_LESSONS;NO_VERIFIED_SOURCE;NO_GOVERNED_OBJECTIVES;NO_CLASSWORK;NO_HOMEWORK;NO_PRACTICE;NO_QUIZ_OR_ITEMS;NO_TEST_OR_EXAM;NO_DIAGNOSTIC_BINDING;NO_UNIT_STRUCTURE;NO_TEXTBOOK_RESOURCE;NO_EXECUTABLE_RELEASE;NO_TOOL_POLICY"
2,MATH,RELEASE_BINDING_GAP,2,0,2,2,0,0,2,0,0,0,0,3,0,0,yes,0,"NO_GOVERNED_OBJECTIVES;LESSONS_WITHOUT_HUMAN_REVIEW;UNVERIFIED_PROVENANCE;NO_CLASSWORK;NO_HOMEWORK;NO_QUIZ_OR_ITEMS;NO_TEST_OR_EXAM;NO_DIAGNOSTIC_BINDING;NO_TEXTBOOK_RESOURCE;NO_EXECUTABLE_RELEASE;NO_TOOL_POLICY"
2,LITERACY,RELEASE_BINDING_GAP,7,0,7,7,0,0,1,0,0,0,0,3,0,0,yes,0,"NO_GOVERNED_OBJECTIVES;LESSONS_WITHOUT_HUMAN_REVIEW;UNVERIFIED_PROVENANCE;NO_CLASSWORK;NO_HOMEWORK;NO_QUIZ_OR_ITEMS;NO_TEST_OR_EXAM;NO_DIAGNOSTIC_BINDING;NO_TEXTBOOK_RESOURCE;NO_EXECUTABLE_RELEASE;NO_TOOL_POLICY;NON_CANONICAL_SUBJECT_BINDING"
2,SCIENCE,RELEASE_BINDING_GAP,1,0,1,1,0,0,1,0,0,0,0,3,0,0,yes,0,"NO_GOVERNED_OBJECTIVES;LESSONS_WITHOUT_HUMAN_REVIEW;UNVERIFIED_PROVENANCE;NO_CLASSWORK;NO_HOMEWORK;NO_QUIZ_OR_ITEMS;NO_TEST_OR_EXAM;NO_DIAGNOSTIC_BINDING;NO_TEXTBOOK_RESOURCE;NO_EXECUTABLE_RELEASE;NO_TOOL_POLICY;NO_TYPED_LAB"
2,SOCIAL_STUDIES,SOURCE_EXISTS_NOT_IMPORTED,0,0,0,0,0,0,0,0,0,0,0,2,0,0,yes,0,"NO_LIVE_LESSONS;NO_GOVERNED_OBJECTIVES;NO_CLASSWORK;NO_HOMEWORK;NO_PRACTICE;NO_QUIZ_OR_ITEMS;NO_TEST_OR_EXAM;NO_DIAGNOSTIC_BINDING;NO_TEXTBOOK_RESOURCE;NO_EXECUTABLE_RELEASE;NO_TOOL_POLICY"
2,CIVICS,RELEASE_BINDING_GAP,11,0,11,11,0,0,0,0,0,0,0,0,0,0,no,0,"NO_VERIFIED_SOURCE;NO_GOVERNED_OBJECTIVES;LESSONS_WITHOUT_HUMAN_REVIEW;UNVERIFIED_PROVENANCE;NO_CLASSWORK;NO_HOMEWORK;NO_PRACTICE;NO_QUIZ_OR_ITEMS;NO_TEST_OR_EXAM;NO_DIAGNOSTIC_BINDING;NO_UNIT_STRUCTURE;NO_TEXTBOOK_RESOURCE;NO_EXECUTABLE_RELEASE;NO_TOOL_POLICY"
2,COMPUTER_SCIENCE,RELEASE_BINDING_GAP,12,0,12,12,0,0,0,0,0,0,0,0,0,0,no,0,"NO_VERIFIED_SOURCE;NO_GOVERNED_OBJECTIVES;LESSONS_WITHOUT_HUMAN_REVIEW;UNVERIFIED_PROVENANCE;NO_CLASSWORK;NO_HOMEWORK;NO_PRACTICE;NO_QUIZ_OR_ITEMS;NO_TEST_OR_EXAM;NO_DIAGNOSTIC_BINDING;NO_UNIT_STRUCTURE;NO_TEXTBOOK_RESOURCE;NO_EXECUTABLE_RELEASE;NO_TOOL_POLICY"
2,DIGITAL_LITERACY,NO_VERIFIED_SOURCE,0,0,0,0,0,0,0,0,0,0,0,0,0,0,no,0,"NO_LIVE_LESSONS;NO_VERIFIED_SOURCE;NO_GOVERNED_OBJECTIVES;NO_CLASSWORK;NO_HOMEWORK;NO_PRACTICE;NO_QUIZ_OR_ITEMS;NO_TEST_OR_EXAM;NO_DIAGNOSTIC_BINDING;NO_UNIT_STRUCTURE;NO_TEXTBOOK_RESOURCE;NO_EXECUTABLE_RELEASE;NO_TOOL_POLICY"
2,ENGINEERING_FOUNDATIONS,RELEASE_BINDING_GAP,13,0,13,13,0,0,0,0,0,0,0,0,0,0,no,0,"NO_VERIFIED_SOURCE;NO_GOVERNED_OBJECTIVES;LESSONS_WITHOUT_HUMAN_REVIEW;UNVERIFIED_PROVENANCE;NO_CLASSWORK;NO_HOMEWORK;NO_PRACTICE;NO_QUIZ_OR_ITEMS;NO_TEST_OR_EXAM;NO_DIAGNOSTIC_BINDING;NO_UNIT_STRUCTURE;NO_TEXTBOOK_RESOURCE;NO_EXECUTABLE_RELEASE;NO_TOOL_POLICY"
2,BUSINESS_ENTREPRENEURSHIP,NO_VERIFIED_SOURCE,0,0,0,0,0,0,0,0,0,0,0,0,0,0,no,0,"NO_LIVE_LESSONS;NO_VERIFIED_SOURCE;NO_GOVERNED_OBJECTIVES;NO_CLASSWORK;NO_HOMEWORK;NO_PRACTICE;NO_QUIZ_OR_ITEMS;NO_TEST_OR_EXAM;NO_DIAGNOSTIC_BINDING;NO_UNIT_STRUCTURE;NO_TEXTBOOK_RESOURCE;NO_EXECUTABLE_RELEASE;NO_TOOL_POLICY"
2,FINANCIAL_LITERACY,NO_VERIFIED_SOURCE,0,0,0,0,0,0,0,0,0,0,0,0,0,0,no,0,"NO_LIVE_LESSONS;NO_VERIFIED_SOURCE;NO_GOVERNED_OBJECTIVES;NO_CLASSWORK;NO_HOMEWORK;NO_PRACTICE;NO_QUIZ_OR_ITEMS;NO_TEST_OR_EXAM;NO_DIAGNOSTIC_BINDING;NO_UNIT_STRUCTURE;NO_TEXTBOOK_RESOURCE;NO_EXECUTABLE_RELEASE;NO_TOOL_POLICY"
2,CAREER_EXPLORATION,NO_VERIFIED_SOURCE,0,0,0,0,0,0,0,0,0,0,0,0,0,0,no,0,"NO_LIVE_LESSONS;NO_VERIFIED_SOURCE;NO_GOVERNED_OBJECTIVES;NO_CLASSWORK;NO_HOMEWORK;NO_PRACTICE;NO_QUIZ_OR_ITEMS;NO_TEST_OR_EXAM;NO_DIAGNOSTIC_BINDING;NO_UNIT_STRUCTURE;NO_TEXTBOOK_RESOURCE;NO_EXECUTABLE_RELEASE;NO_TOOL_POLICY"
2,COMMUNICATION_SKILLS,NO_VERIFIED_SOURCE,0,0,0,0,0,0,0,0,0,0,0,0,0,0,no,0,"NO_LIVE_LESSONS;NO_VERIFIED_SOURCE;NO_GOVERNED_OBJECTIVES;NO_CLASSWORK;NO_HOMEWORK;NO_PRACTICE;NO_QUIZ_OR_ITEMS;NO_TEST_OR_EXAM;NO_DIAGNOSTIC_BINDING;NO_UNIT_STRUCTURE;NO_TEXTBOOK_RESOURCE;NO_EXECUTABLE_RELEASE;NO_TOOL_POLICY"
2,PROBLEM_SOLVING,NO_VERIFIED_SOURCE,0,0,0,0,0,0,0,0,0,0,0,0,0,0,no,0,"NO_LIVE_LESSONS;NO_VERIFIED_SOURCE;NO_GOVERNED_OBJECTIVES;NO_CLASSWORK;NO_HOMEWORK;NO_PRACTICE;NO_QUIZ_OR_ITEMS;NO_TEST_OR_EXAM;NO_DIAGNOSTIC_BINDING;NO_UNIT_STRUCTURE;NO_TEXTBOOK_RESOURCE;NO_EXECUTABLE_RELEASE;NO_TOOL_POLICY"
2,CREATIVITY_INNOVATION,NO_VERIFIED_SOURCE,0,0,0,0,0,0,0,0,0,0,0,0,0,0,no,0,"NO_LIVE_LESSONS;NO_VERIFIED_SOURCE;NO_GOVERNED_OBJECTIVES;NO_CLASSWORK;NO_HOMEWORK;NO_PRACTICE;NO_QUIZ_OR_ITEMS;NO_TEST_OR_EXAM;NO_DIAGNOSTIC_BINDING;NO_UNIT_STRUCTURE;NO_TEXTBOOK_RESOURCE;NO_EXECUTABLE_RELEASE;NO_TOOL_POLICY"
2,AGRICULTURE,NO_VERIFIED_SOURCE,0,0,0,0,0,0,0,0,0,0,0,0,0,0,no,0,"NO_LIVE_LESSONS;NO_VERIFIED_SOURCE;NO_GOVERNED_OBJECTIVES;NO_CLASSWORK;NO_HOMEWORK;NO_PRACTICE;NO_QUIZ_OR_ITEMS;NO_TEST_OR_EXAM;NO_DIAGNOSTIC_BINDING;NO_UNIT_STRUCTURE;NO_TEXTBOOK_RESOURCE;NO_EXECUTABLE_RELEASE;NO_TOOL_POLICY"
2,ENVIRONMENTAL_STUDIES,NO_VERIFIED_SOURCE,0,0,0,0,0,0,0,0,0,0,0,0,0,0,no,0,"NO_LIVE_LESSONS;NO_VERIFIED_SOURCE;NO_GOVERNED_OBJECTIVES;NO_CLASSWORK;NO_HOMEWORK;NO_PRACTICE;NO_QUIZ_OR_ITEMS;NO_TEST_OR_EXAM;NO_DIAGNOSTIC_BINDING;NO_UNIT_STRUCTURE;NO_TEXTBOOK_RESOURCE;NO_EXECUTABLE_RELEASE;NO_TOOL_POLICY"
2,AI_LITERACY,NO_VERIFIED_SOURCE,0,0,0,0,0,0,0,0,0,0,0,0,0,0,no,0,"NO_LIVE_LESSONS;NO_VERIFIED_SOURCE;NO_GOVERNED_OBJECTIVES;NO_CLASSWORK;NO_HOMEWORK;NO_PRACTICE;NO_QUIZ_OR_ITEMS;NO_TEST_OR_EXAM;NO_DIAGNOSTIC_BINDING;NO_UNIT_STRUCTURE;NO_TEXTBOOK_RESOURCE;NO_EXECUTABLE_RELEASE;NO_TOOL_POLICY"
2,DATA_LITERACY,NO_VERIFIED_SOURCE,0,0,0,0,0,0,0,0,0,0,0,0,0,0,no,0,"NO_LIVE_LESSONS;NO_VERIFIED_SOURCE;NO_GOVERNED_OBJECTIVES;NO_CLASSWORK;NO_HOMEWORK;NO_PRACTICE;NO_QUIZ_OR_ITEMS;NO_TEST_OR_EXAM;NO_DIAGNOSTIC_BINDING;NO_UNIT_STRUCTURE;NO_TEXTBOOK_RESOURCE;NO_EXECUTABLE_RELEASE;NO_TOOL_POLICY"
2,ENERGY_INFRASTRUCTURE,NO_VERIFIED_SOURCE,0,0,0,0,0,0,0,0,0,0,0,0,0,0,no,0,"NO_LIVE_LESSONS;NO_VERIFIED_SOURCE;NO_GOVERNED_OBJECTIVES;NO_CLASSWORK;NO_HOMEWORK;NO_PRACTICE;NO_QUIZ_OR_ITEMS;NO_TEST_OR_EXAM;NO_DIAGNOSTIC_BINDING;NO_UNIT_STRUCTURE;NO_TEXTBOOK_RESOURCE;NO_EXECUTABLE_RELEASE;NO_TOOL_POLICY"
3,MATH,SOURCE_EXISTS_NOT_IMPORTED,0,0,0,0,0,0,0,0,0,0,0,2,1,0,yes,0,"NO_LIVE_LESSONS;NO_CLASSWORK;NO_HOMEWORK;NO_QUIZ_OR_ITEMS;NO_TEST_OR_EXAM;NO_DIAGNOSTIC_BINDING;NO_TEXTBOOK_RESOURCE;NO_EXECUTABLE_RELEASE;NO_TOOL_POLICY"
3,LITERACY,RELEASE_BINDING_GAP,11,0,6,11,0,0,0,5,5,0,0,3,0,0,yes,0,"NO_GOVERNED_OBJECTIVES;LESSONS_WITHOUT_HUMAN_REVIEW;UNVERIFIED_PROVENANCE;NO_CLASSWORK;NO_HOMEWORK;NO_PRACTICE;NO_TEST_OR_EXAM;NO_DIAGNOSTIC_BINDING;NO_TEXTBOOK_RESOURCE;NO_EXECUTABLE_RELEASE;NO_TOOL_POLICY;NON_CANONICAL_SUBJECT_BINDING"
3,SCIENCE,RELEASE_BINDING_GAP,5,0,0,5,0,0,0,5,5,0,0,4,0,0,yes,0,"NO_GOVERNED_OBJECTIVES;LESSONS_WITHOUT_HUMAN_REVIEW;UNVERIFIED_PROVENANCE;NO_CLASSWORK;NO_HOMEWORK;NO_PRACTICE;NO_TEST_OR_EXAM;NO_DIAGNOSTIC_BINDING;NO_TEXTBOOK_RESOURCE;NO_EXECUTABLE_RELEASE;NO_TOOL_POLICY;NO_TYPED_LAB"
3,SOCIAL_STUDIES,SOURCE_EXISTS_NOT_IMPORTED,0,0,0,0,0,0,0,0,0,0,0,2,0,0,yes,0,"NO_LIVE_LESSONS;NO_GOVERNED_OBJECTIVES;NO_CLASSWORK;NO_HOMEWORK;NO_PRACTICE;NO_QUIZ_OR_ITEMS;NO_TEST_OR_EXAM;NO_DIAGNOSTIC_BINDING;NO_TEXTBOOK_RESOURCE;NO_EXECUTABLE_RELEASE;NO_TOOL_POLICY"
3,CIVICS,NO_VERIFIED_SOURCE,0,0,0,0,0,0,0,0,0,0,0,2,0,0,no,0,"NO_LIVE_LESSONS;NO_VERIFIED_SOURCE;NO_GOVERNED_OBJECTIVES;NO_CLASSWORK;NO_HOMEWORK;NO_PRACTICE;NO_QUIZ_OR_ITEMS;NO_TEST_OR_EXAM;NO_DIAGNOSTIC_BINDING;NO_TEXTBOOK_RESOURCE;NO_EXECUTABLE_RELEASE;NO_TOOL_POLICY"
3,COMPUTER_SCIENCE,RELEASE_BINDING_GAP,12,0,12,12,0,0,0,0,0,0,0,0,0,0,no,0,"NO_VERIFIED_SOURCE;NO_GOVERNED_OBJECTIVES;LESSONS_WITHOUT_HUMAN_REVIEW;UNVERIFIED_PROVENANCE;NO_CLASSWORK;NO_HOMEWORK;NO_PRACTICE;NO_QUIZ_OR_ITEMS;NO_TEST_OR_EXAM;NO_DIAGNOSTIC_BINDING;NO_UNIT_STRUCTURE;NO_TEXTBOOK_RESOURCE;NO_EXECUTABLE_RELEASE;NO_TOOL_POLICY"
3,DIGITAL_LITERACY,NO_VERIFIED_SOURCE,0,0,0,0,0,0,0,0,0,0,0,0,0,0,no,0,"NO_LIVE_LESSONS;NO_VERIFIED_SOURCE;NO_GOVERNED_OBJECTIVES;NO_CLASSWORK;NO_HOMEWORK;NO_PRACTICE;NO_QUIZ_OR_ITEMS;NO_TEST_OR_EXAM;NO_DIAGNOSTIC_BINDING;NO_UNIT_STRUCTURE;NO_TEXTBOOK_RESOURCE;NO_EXECUTABLE_RELEASE;NO_TOOL_POLICY"
3,ENGINEERING_FOUNDATIONS,RELEASE_BINDING_GAP,15,0,15,15,0,0,0,0,0,0,0,0,0,0,no,0,"NO_VERIFIED_SOURCE;NO_GOVERNED_OBJECTIVES;LESSONS_WITHOUT_HUMAN_REVIEW;UNVERIFIED_PROVENANCE;NO_CLASSWORK;NO_HOMEWORK;NO_PRACTICE;NO_QUIZ_OR_ITEMS;NO_TEST_OR_EXAM;NO_DIAGNOSTIC_BINDING;NO_UNIT_STRUCTURE;NO_TEXTBOOK_RESOURCE;NO_EXECUTABLE_RELEASE;NO_TOOL_POLICY"
3,BUSINESS_ENTREPRENEURSHIP,NO_VERIFIED_SOURCE,0,0,0,0,0,0,0,0,0,0,0,0,0,0,no,0,"NO_LIVE_LESSONS;NO_VERIFIED_SOURCE;NO_GOVERNED_OBJECTIVES;NO_CLASSWORK;NO_HOMEWORK;NO_PRACTICE;NO_QUIZ_OR_ITEMS;NO_TEST_OR_EXAM;NO_DIAGNOSTIC_BINDING;NO_UNIT_STRUCTURE;NO_TEXTBOOK_RESOURCE;NO_EXECUTABLE_RELEASE;NO_TOOL_POLICY"
3,FINANCIAL_LITERACY,NO_VERIFIED_SOURCE,0,0,0,0,0,0,0,0,0,0,0,0,0,0,no,0,"NO_LIVE_LESSONS;NO_VERIFIED_SOURCE;NO_GOVERNED_OBJECTIVES;NO_CLASSWORK;NO_HOMEWORK;NO_PRACTICE;NO_QUIZ_OR_ITEMS;NO_TEST_OR_EXAM;NO_DIAGNOSTIC_BINDING;NO_UNIT_STRUCTURE;NO_TEXTBOOK_RESOURCE;NO_EXECUTABLE_RELEASE;NO_TOOL_POLICY"
3,CAREER_EXPLORATION,NO_VERIFIED_SOURCE,0,0,0,0,0,0,0,0,0,0,0,0,0,0,no,0,"NO_LIVE_LESSONS;NO_VERIFIED_SOURCE;NO_GOVERNED_OBJECTIVES;NO_CLASSWORK;NO_HOMEWORK;NO_PRACTICE;NO_QUIZ_OR_ITEMS;NO_TEST_OR_EXAM;NO_DIAGNOSTIC_BINDING;NO_UNIT_STRUCTURE;NO_TEXTBOOK_RESOURCE;NO_EXECUTABLE_RELEASE;NO_TOOL_POLICY"
3,COMMUNICATION_SKILLS,NO_VERIFIED_SOURCE,0,0,0,0,0,0,0,0,0,0,0,0,0,0,no,0,"NO_LIVE_LESSONS;NO_VERIFIED_SOURCE;NO_GOVERNED_OBJECTIVES;NO_CLASSWORK;NO_HOMEWORK;NO_PRACTICE;NO_QUIZ_OR_ITEMS;NO_TEST_OR_EXAM;NO_DIAGNOSTIC_BINDING;NO_UNIT_STRUCTURE;NO_TEXTBOOK_RESOURCE;NO_EXECUTABLE_RELEASE;NO_TOOL_POLICY"
3,PROBLEM_SOLVING,NO_VERIFIED_SOURCE,0,0,0,0,0,0,0,0,0,0,0,0,0,0,no,0,"NO_LIVE_LESSONS;NO_VERIFIED_SOURCE;NO_GOVERNED_OBJECTIVES;NO_CLASSWORK;NO_HOMEWORK;NO_PRACTICE;NO_QUIZ_OR_ITEMS;NO_TEST_OR_EXAM;NO_DIAGNOSTIC_BINDING;NO_UNIT_STRUCTURE;NO_TEXTBOOK_RESOURCE;NO_EXECUTABLE_RELEASE;NO_TOOL_POLICY"
3,CREATIVITY_INNOVATION,NO_VERIFIED_SOURCE,0,0,0,0,0,0,0,0,0,0,0,0,0,0,no,0,"NO_LIVE_LESSONS;NO_VERIFIED_SOURCE;NO_GOVERNED_OBJECTIVES;NO_CLASSWORK;NO_HOMEWORK;NO_PRACTICE;NO_QUIZ_OR_ITEMS;NO_TEST_OR_EXAM;NO_DIAGNOSTIC_BINDING;NO_UNIT_STRUCTURE;NO_TEXTBOOK_RESOURCE;NO_EXECUTABLE_RELEASE;NO_TOOL_POLICY"
3,AGRICULTURE,NO_VERIFIED_SOURCE,0,0,0,0,0,0,0,0,0,0,0,0,0,0,no,0,"NO_LIVE_LESSONS;NO_VERIFIED_SOURCE;NO_GOVERNED_OBJECTIVES;NO_CLASSWORK;NO_HOMEWORK;NO_PRACTICE;NO_QUIZ_OR_ITEMS;NO_TEST_OR_EXAM;NO_DIAGNOSTIC_BINDING;NO_UNIT_STRUCTURE;NO_TEXTBOOK_RESOURCE;NO_EXECUTABLE_RELEASE;NO_TOOL_POLICY"
3,ENVIRONMENTAL_STUDIES,NO_VERIFIED_SOURCE,0,0,0,0,0,0,0,0,0,0,0,0,0,0,no,0,"NO_LIVE_LESSONS;NO_VERIFIED_SOURCE;NO_GOVERNED_OBJECTIVES;NO_CLASSWORK;NO_HOMEWORK;NO_PRACTICE;NO_QUIZ_OR_ITEMS;NO_TEST_OR_EXAM;NO_DIAGNOSTIC_BINDING;NO_UNIT_STRUCTURE;NO_TEXTBOOK_RESOURCE;NO_EXECUTABLE_RELEASE;NO_TOOL_POLICY"
3,AI_LITERACY,NO_VERIFIED_SOURCE,0,0,0,0,0,0,0,0,0,0,0,0,0,0,no,0,"NO_LIVE_LESSONS;NO_VERIFIED_SOURCE;NO_GOVERNED_OBJECTIVES;NO_CLASSWORK;NO_HOMEWORK;NO_PRACTICE;NO_QUIZ_OR_ITEMS;NO_TEST_OR_EXAM;NO_DIAGNOSTIC_BINDING;NO_UNIT_STRUCTURE;NO_TEXTBOOK_RESOURCE;NO_EXECUTABLE_RELEASE;NO_TOOL_POLICY"
3,DATA_LITERACY,NO_VERIFIED_SOURCE,0,0,0,0,0,0,0,0,0,0,0,0,0,0,no,0,"NO_LIVE_LESSONS;NO_VERIFIED_SOURCE;NO_GOVERNED_OBJECTIVES;NO_CLASSWORK;NO_HOMEWORK;NO_PRACTICE;NO_QUIZ_OR_ITEMS;NO_TEST_OR_EXAM;NO_DIAGNOSTIC_BINDING;NO_UNIT_STRUCTURE;NO_TEXTBOOK_RESOURCE;NO_EXECUTABLE_RELEASE;NO_TOOL_POLICY"
3,ENERGY_INFRASTRUCTURE,NO_VERIFIED_SOURCE,0,0,0,0,0,0,0,0,0,0,0,0,0,0,no,0,"NO_LIVE_LESSONS;NO_VERIFIED_SOURCE;NO_GOVERNED_OBJECTIVES;NO_CLASSWORK;NO_HOMEWORK;NO_PRACTICE;NO_QUIZ_OR_ITEMS;NO_TEST_OR_EXAM;NO_DIAGNOSTIC_BINDING;NO_UNIT_STRUCTURE;NO_TEXTBOOK_RESOURCE;NO_EXECUTABLE_RELEASE;NO_TOOL_POLICY"
4,MATH,RELEASE_BINDING_GAP,0,0,0,0,0,0,0,0,0,0,0,2,0,0,yes,1,"NO_LIVE_LESSONS;NO_GOVERNED_OBJECTIVES;NO_CLASSWORK;NO_HOMEWORK;NO_QUIZ_OR_ITEMS;NO_TEST_OR_EXAM;NO_DIAGNOSTIC_BINDING;NO_TEXTBOOK_RESOURCE;STALE_RELEASE_BINDING"
4,LITERACY,RELEASE_BINDING_GAP,6,0,6,6,0,0,0,0,0,0,0,2,0,0,yes,0,"NO_GOVERNED_OBJECTIVES;LESSONS_WITHOUT_HUMAN_REVIEW;UNVERIFIED_PROVENANCE;NO_CLASSWORK;NO_HOMEWORK;NO_QUIZ_OR_ITEMS;NO_TEST_OR_EXAM;NO_DIAGNOSTIC_BINDING;NO_TEXTBOOK_RESOURCE;NO_EXECUTABLE_RELEASE;NO_TOOL_POLICY;NON_CANONICAL_SUBJECT_BINDING"
4,SCIENCE,SOURCE_EXISTS_NOT_IMPORTED,0,0,0,0,0,0,0,0,0,0,0,2,0,0,yes,0,"NO_LIVE_LESSONS;NO_GOVERNED_OBJECTIVES;NO_CLASSWORK;NO_HOMEWORK;NO_QUIZ_OR_ITEMS;NO_TEST_OR_EXAM;NO_DIAGNOSTIC_BINDING;NO_TEXTBOOK_RESOURCE;NO_EXECUTABLE_RELEASE;NO_TOOL_POLICY;NO_TYPED_LAB"
4,SOCIAL_STUDIES,SOURCE_EXISTS_NOT_IMPORTED,0,0,0,0,0,0,0,0,0,0,0,2,0,0,yes,0,"NO_LIVE_LESSONS;NO_GOVERNED_OBJECTIVES;NO_CLASSWORK;NO_HOMEWORK;NO_PRACTICE;NO_QUIZ_OR_ITEMS;NO_TEST_OR_EXAM;NO_DIAGNOSTIC_BINDING;NO_TEXTBOOK_RESOURCE;NO_EXECUTABLE_RELEASE;NO_TOOL_POLICY"
4,CIVICS,NO_VERIFIED_SOURCE,0,0,0,0,0,0,0,0,0,0,0,2,0,0,no,0,"NO_LIVE_LESSONS;NO_VERIFIED_SOURCE;NO_GOVERNED_OBJECTIVES;NO_CLASSWORK;NO_HOMEWORK;NO_QUIZ_OR_ITEMS;NO_TEST_OR_EXAM;NO_DIAGNOSTIC_BINDING;NO_TEXTBOOK_RESOURCE;NO_EXECUTABLE_RELEASE;NO_TOOL_POLICY"
4,COMPUTER_SCIENCE,RELEASE_BINDING_GAP,11,0,11,11,0,0,0,0,0,0,0,0,0,0,no,0,"NO_VERIFIED_SOURCE;NO_GOVERNED_OBJECTIVES;LESSONS_WITHOUT_HUMAN_REVIEW;UNVERIFIED_PROVENANCE;NO_CLASSWORK;NO_HOMEWORK;NO_PRACTICE;NO_QUIZ_OR_ITEMS;NO_TEST_OR_EXAM;NO_DIAGNOSTIC_BINDING;NO_UNIT_STRUCTURE;NO_TEXTBOOK_RESOURCE;NO_EXECUTABLE_RELEASE;NO_TOOL_POLICY"
4,DIGITAL_LITERACY,NO_VERIFIED_SOURCE,0,0,0,0,0,0,0,0,0,0,0,0,0,0,no,0,"NO_LIVE_LESSONS;NO_VERIFIED_SOURCE;NO_GOVERNED_OBJECTIVES;NO_CLASSWORK;NO_HOMEWORK;NO_PRACTICE;NO_QUIZ_OR_ITEMS;NO_TEST_OR_EXAM;NO_DIAGNOSTIC_BINDING;NO_UNIT_STRUCTURE;NO_TEXTBOOK_RESOURCE;NO_EXECUTABLE_RELEASE;NO_TOOL_POLICY"
4,ENGINEERING_FOUNDATIONS,RELEASE_BINDING_GAP,9,0,9,9,0,0,0,0,0,0,0,0,0,0,no,0,"NO_VERIFIED_SOURCE;NO_GOVERNED_OBJECTIVES;LESSONS_WITHOUT_HUMAN_REVIEW;UNVERIFIED_PROVENANCE;NO_CLASSWORK;NO_HOMEWORK;NO_PRACTICE;NO_QUIZ_OR_ITEMS;NO_TEST_OR_EXAM;NO_DIAGNOSTIC_BINDING;NO_UNIT_STRUCTURE;NO_TEXTBOOK_RESOURCE;NO_EXECUTABLE_RELEASE;NO_TOOL_POLICY"
4,BUSINESS_ENTREPRENEURSHIP,NO_VERIFIED_SOURCE,0,0,0,0,0,0,0,0,0,0,0,0,0,0,no,0,"NO_LIVE_LESSONS;NO_VERIFIED_SOURCE;NO_GOVERNED_OBJECTIVES;NO_CLASSWORK;NO_HOMEWORK;NO_PRACTICE;NO_QUIZ_OR_ITEMS;NO_TEST_OR_EXAM;NO_DIAGNOSTIC_BINDING;NO_UNIT_STRUCTURE;NO_TEXTBOOK_RESOURCE;NO_EXECUTABLE_RELEASE;NO_TOOL_POLICY"
4,FINANCIAL_LITERACY,NO_VERIFIED_SOURCE,0,0,0,0,0,0,0,0,0,0,0,0,0,0,no,0,"NO_LIVE_LESSONS;NO_VERIFIED_SOURCE;NO_GOVERNED_OBJECTIVES;NO_CLASSWORK;NO_HOMEWORK;NO_PRACTICE;NO_QUIZ_OR_ITEMS;NO_TEST_OR_EXAM;NO_DIAGNOSTIC_BINDING;NO_UNIT_STRUCTURE;NO_TEXTBOOK_RESOURCE;NO_EXECUTABLE_RELEASE;NO_TOOL_POLICY"
4,CAREER_EXPLORATION,NO_VERIFIED_SOURCE,0,0,0,0,0,0,0,0,0,0,0,0,0,0,no,0,"NO_LIVE_LESSONS;NO_VERIFIED_SOURCE;NO_GOVERNED_OBJECTIVES;NO_CLASSWORK;NO_HOMEWORK;NO_PRACTICE;NO_QUIZ_OR_ITEMS;NO_TEST_OR_EXAM;NO_DIAGNOSTIC_BINDING;NO_UNIT_STRUCTURE;NO_TEXTBOOK_RESOURCE;NO_EXECUTABLE_RELEASE;NO_TOOL_POLICY"
4,COMMUNICATION_SKILLS,NO_VERIFIED_SOURCE,0,0,0,0,0,0,0,0,0,0,0,0,0,0,no,0,"NO_LIVE_LESSONS;NO_VERIFIED_SOURCE;NO_GOVERNED_OBJECTIVES;NO_CLASSWORK;NO_HOMEWORK;NO_PRACTICE;NO_QUIZ_OR_ITEMS;NO_TEST_OR_EXAM;NO_DIAGNOSTIC_BINDING;NO_UNIT_STRUCTURE;NO_TEXTBOOK_RESOURCE;NO_EXECUTABLE_RELEASE;NO_TOOL_POLICY"
4,PROBLEM_SOLVING,NO_VERIFIED_SOURCE,0,0,0,0,0,0,0,0,0,0,0,0,0,0,no,0,"NO_LIVE_LESSONS;NO_VERIFIED_SOURCE;NO_GOVERNED_OBJECTIVES;NO_CLASSWORK;NO_HOMEWORK;NO_PRACTICE;NO_QUIZ_OR_ITEMS;NO_TEST_OR_EXAM;NO_DIAGNOSTIC_BINDING;NO_UNIT_STRUCTURE;NO_TEXTBOOK_RESOURCE;NO_EXECUTABLE_RELEASE;NO_TOOL_POLICY"
4,CREATIVITY_INNOVATION,NO_VERIFIED_SOURCE,0,0,0,0,0,0,0,0,0,0,0,0,0,0,no,0,"NO_LIVE_LESSONS;NO_VERIFIED_SOURCE;NO_GOVERNED_OBJECTIVES;NO_CLASSWORK;NO_HOMEWORK;NO_PRACTICE;NO_QUIZ_OR_ITEMS;NO_TEST_OR_EXAM;NO_DIAGNOSTIC_BINDING;NO_UNIT_STRUCTURE;NO_TEXTBOOK_RESOURCE;NO_EXECUTABLE_RELEASE;NO_TOOL_POLICY"
4,AGRICULTURE,NO_VERIFIED_SOURCE,0,0,0,0,0,0,0,0,0,0,0,0,0,0,no,0,"NO_LIVE_LESSONS;NO_VERIFIED_SOURCE;NO_GOVERNED_OBJECTIVES;NO_CLASSWORK;NO_HOMEWORK;NO_PRACTICE;NO_QUIZ_OR_ITEMS;NO_TEST_OR_EXAM;NO_DIAGNOSTIC_BINDING;NO_UNIT_STRUCTURE;NO_TEXTBOOK_RESOURCE;NO_EXECUTABLE_RELEASE;NO_TOOL_POLICY"
4,ENVIRONMENTAL_STUDIES,NO_VERIFIED_SOURCE,0,0,0,0,0,0,0,0,0,0,0,0,0,0,no,0,"NO_LIVE_LESSONS;NO_VERIFIED_SOURCE;NO_GOVERNED_OBJECTIVES;NO_CLASSWORK;NO_HOMEWORK;NO_PRACTICE;NO_QUIZ_OR_ITEMS;NO_TEST_OR_EXAM;NO_DIAGNOSTIC_BINDING;NO_UNIT_STRUCTURE;NO_TEXTBOOK_RESOURCE;NO_EXECUTABLE_RELEASE;NO_TOOL_POLICY"
4,AI_LITERACY,NO_VERIFIED_SOURCE,0,0,0,0,0,0,0,0,0,0,0,0,0,0,no,0,"NO_LIVE_LESSONS;NO_VERIFIED_SOURCE;NO_GOVERNED_OBJECTIVES;NO_CLASSWORK;NO_HOMEWORK;NO_PRACTICE;NO_QUIZ_OR_ITEMS;NO_TEST_OR_EXAM;NO_DIAGNOSTIC_BINDING;NO_UNIT_STRUCTURE;NO_TEXTBOOK_RESOURCE;NO_EXECUTABLE_RELEASE;NO_TOOL_POLICY"
4,DATA_LITERACY,NO_VERIFIED_SOURCE,0,0,0,0,0,0,0,0,0,0,0,0,0,0,no,0,"NO_LIVE_LESSONS;NO_VERIFIED_SOURCE;NO_GOVERNED_OBJECTIVES;NO_CLASSWORK;NO_HOMEWORK;NO_PRACTICE;NO_QUIZ_OR_ITEMS;NO_TEST_OR_EXAM;NO_DIAGNOSTIC_BINDING;NO_UNIT_STRUCTURE;NO_TEXTBOOK_RESOURCE;NO_EXECUTABLE_RELEASE;NO_TOOL_POLICY"
4,ENERGY_INFRASTRUCTURE,NO_VERIFIED_SOURCE,0,0,0,0,0,0,0,0,0,0,0,0,0,0,no,0,"NO_LIVE_LESSONS;NO_VERIFIED_SOURCE;NO_GOVERNED_OBJECTIVES;NO_CLASSWORK;NO_HOMEWORK;NO_PRACTICE;NO_QUIZ_OR_ITEMS;NO_TEST_OR_EXAM;NO_DIAGNOSTIC_BINDING;NO_UNIT_STRUCTURE;NO_TEXTBOOK_RESOURCE;NO_EXECUTABLE_RELEASE;NO_TOOL_POLICY"
5,MATH,AUTHORITY_CONFLICT,15,0,15,15,1,0,4,0,1,7,0,5,0,0,yes,0,"NO_GOVERNED_OBJECTIVES;LESSONS_WITHOUT_HUMAN_REVIEW;UNVERIFIED_PROVENANCE;NO_HOMEWORK;NO_TEST_OR_EXAM;NO_DIAGNOSTIC_BINDING;NO_TEXTBOOK_RESOURCE;NO_EXECUTABLE_RELEASE;NO_TOOL_POLICY"
5,LITERACY,AUTHORITY_CONFLICT,76,0,76,76,18,16,4,32,34,9,0,15,0,0,yes,0,"NO_GOVERNED_OBJECTIVES;LESSONS_WITHOUT_HUMAN_REVIEW;UNVERIFIED_PROVENANCE;NO_TEST_OR_EXAM;NO_DIAGNOSTIC_BINDING;NO_EXECUTABLE_RELEASE;NO_TOOL_POLICY;NON_CANONICAL_SUBJECT_BINDING"
5,SCIENCE,AUTHORITY_CONFLICT,22,0,22,22,5,0,7,0,5,19,0,5,0,0,yes,0,"NO_GOVERNED_OBJECTIVES;LESSONS_WITHOUT_HUMAN_REVIEW;UNVERIFIED_PROVENANCE;NO_HOMEWORK;NO_TEST_OR_EXAM;NO_DIAGNOSTIC_BINDING;NO_TEXTBOOK_RESOURCE;NO_EXECUTABLE_RELEASE;NO_TOOL_POLICY;NO_TYPED_LAB"
5,SOCIAL_STUDIES,RELEASE_BINDING_GAP,1,0,1,1,0,0,1,0,0,0,0,2,0,0,yes,0,"NO_GOVERNED_OBJECTIVES;LESSONS_WITHOUT_HUMAN_REVIEW;UNVERIFIED_PROVENANCE;NO_CLASSWORK;NO_HOMEWORK;NO_QUIZ_OR_ITEMS;NO_TEST_OR_EXAM;NO_DIAGNOSTIC_BINDING;NO_TEXTBOOK_RESOURCE;NO_EXECUTABLE_RELEASE;NO_TOOL_POLICY"
5,CIVICS,RELEASE_BINDING_GAP,2,0,2,2,0,0,1,0,0,0,0,3,0,0,no,0,"NO_VERIFIED_SOURCE;NO_GOVERNED_OBJECTIVES;LESSONS_WITHOUT_HUMAN_REVIEW;UNVERIFIED_PROVENANCE;NO_CLASSWORK;NO_HOMEWORK;NO_QUIZ_OR_ITEMS;NO_TEST_OR_EXAM;NO_DIAGNOSTIC_BINDING;NO_TEXTBOOK_RESOURCE;NO_EXECUTABLE_RELEASE;NO_TOOL_POLICY"
5,COMPUTER_SCIENCE,AUTHORITY_CONFLICT,23,0,23,23,13,0,13,0,13,1,0,3,0,0,no,0,"NO_VERIFIED_SOURCE;NO_GOVERNED_OBJECTIVES;LESSONS_WITHOUT_HUMAN_REVIEW;UNVERIFIED_PROVENANCE;NO_HOMEWORK;NO_TEST_OR_EXAM;NO_DIAGNOSTIC_BINDING;NO_TEXTBOOK_RESOURCE;NO_EXECUTABLE_RELEASE;NO_TOOL_POLICY"
5,DIGITAL_LITERACY,NO_VERIFIED_SOURCE,0,0,0,0,0,0,0,0,0,0,0,0,0,0,no,0,"NO_LIVE_LESSONS;NO_VERIFIED_SOURCE;NO_GOVERNED_OBJECTIVES;NO_CLASSWORK;NO_HOMEWORK;NO_PRACTICE;NO_QUIZ_OR_ITEMS;NO_TEST_OR_EXAM;NO_DIAGNOSTIC_BINDING;NO_UNIT_STRUCTURE;NO_TEXTBOOK_RESOURCE;NO_EXECUTABLE_RELEASE;NO_TOOL_POLICY"
5,ENGINEERING_FOUNDATIONS,RELEASE_BINDING_GAP,13,0,13,13,0,0,1,0,0,0,0,0,0,0,no,0,"NO_VERIFIED_SOURCE;NO_GOVERNED_OBJECTIVES;LESSONS_WITHOUT_HUMAN_REVIEW;UNVERIFIED_PROVENANCE;NO_CLASSWORK;NO_HOMEWORK;NO_QUIZ_OR_ITEMS;NO_TEST_OR_EXAM;NO_DIAGNOSTIC_BINDING;NO_UNIT_STRUCTURE;NO_TEXTBOOK_RESOURCE;NO_EXECUTABLE_RELEASE;NO_TOOL_POLICY;NON_CANONICAL_SUBJECT_BINDING"
5,BUSINESS_ENTREPRENEURSHIP,NO_VERIFIED_SOURCE,0,0,0,0,0,0,0,0,0,0,0,0,0,0,no,0,"NO_LIVE_LESSONS;NO_VERIFIED_SOURCE;NO_GOVERNED_OBJECTIVES;NO_CLASSWORK;NO_HOMEWORK;NO_PRACTICE;NO_QUIZ_OR_ITEMS;NO_TEST_OR_EXAM;NO_DIAGNOSTIC_BINDING;NO_UNIT_STRUCTURE;NO_TEXTBOOK_RESOURCE;NO_EXECUTABLE_RELEASE;NO_TOOL_POLICY"
5,FINANCIAL_LITERACY,NO_VERIFIED_SOURCE,0,0,0,0,0,0,0,0,0,0,0,0,0,0,no,0,"NO_LIVE_LESSONS;NO_VERIFIED_SOURCE;NO_GOVERNED_OBJECTIVES;NO_CLASSWORK;NO_HOMEWORK;NO_PRACTICE;NO_QUIZ_OR_ITEMS;NO_TEST_OR_EXAM;NO_DIAGNOSTIC_BINDING;NO_UNIT_STRUCTURE;NO_TEXTBOOK_RESOURCE;NO_EXECUTABLE_RELEASE;NO_TOOL_POLICY"
5,CAREER_EXPLORATION,NO_VERIFIED_SOURCE,0,0,0,0,0,0,0,0,0,0,0,0,0,0,no,0,"NO_LIVE_LESSONS;NO_VERIFIED_SOURCE;NO_GOVERNED_OBJECTIVES;NO_CLASSWORK;NO_HOMEWORK;NO_PRACTICE;NO_QUIZ_OR_ITEMS;NO_TEST_OR_EXAM;NO_DIAGNOSTIC_BINDING;NO_UNIT_STRUCTURE;NO_TEXTBOOK_RESOURCE;NO_EXECUTABLE_RELEASE;NO_TOOL_POLICY"
5,COMMUNICATION_SKILLS,NO_VERIFIED_SOURCE,0,0,0,0,0,0,0,0,0,0,0,0,0,0,no,0,"NO_LIVE_LESSONS;NO_VERIFIED_SOURCE;NO_GOVERNED_OBJECTIVES;NO_CLASSWORK;NO_HOMEWORK;NO_PRACTICE;NO_QUIZ_OR_ITEMS;NO_TEST_OR_EXAM;NO_DIAGNOSTIC_BINDING;NO_UNIT_STRUCTURE;NO_TEXTBOOK_RESOURCE;NO_EXECUTABLE_RELEASE;NO_TOOL_POLICY"
5,PROBLEM_SOLVING,NO_VERIFIED_SOURCE,0,0,0,0,0,0,0,0,0,0,0,0,0,0,no,0,"NO_LIVE_LESSONS;NO_VERIFIED_SOURCE;NO_GOVERNED_OBJECTIVES;NO_CLASSWORK;NO_HOMEWORK;NO_PRACTICE;NO_QUIZ_OR_ITEMS;NO_TEST_OR_EXAM;NO_DIAGNOSTIC_BINDING;NO_UNIT_STRUCTURE;NO_TEXTBOOK_RESOURCE;NO_EXECUTABLE_RELEASE;NO_TOOL_POLICY"
5,CREATIVITY_INNOVATION,NO_VERIFIED_SOURCE,0,0,0,0,0,0,0,0,0,0,0,0,0,0,no,0,"NO_LIVE_LESSONS;NO_VERIFIED_SOURCE;NO_GOVERNED_OBJECTIVES;NO_CLASSWORK;NO_HOMEWORK;NO_PRACTICE;NO_QUIZ_OR_ITEMS;NO_TEST_OR_EXAM;NO_DIAGNOSTIC_BINDING;NO_UNIT_STRUCTURE;NO_TEXTBOOK_RESOURCE;NO_EXECUTABLE_RELEASE;NO_TOOL_POLICY"
5,AGRICULTURE,NO_VERIFIED_SOURCE,0,0,0,0,0,0,0,0,0,0,0,0,0,0,no,0,"NO_LIVE_LESSONS;NO_VERIFIED_SOURCE;NO_GOVERNED_OBJECTIVES;NO_CLASSWORK;NO_HOMEWORK;NO_PRACTICE;NO_QUIZ_OR_ITEMS;NO_TEST_OR_EXAM;NO_DIAGNOSTIC_BINDING;NO_UNIT_STRUCTURE;NO_TEXTBOOK_RESOURCE;NO_EXECUTABLE_RELEASE;NO_TOOL_POLICY"
5,ENVIRONMENTAL_STUDIES,NO_VERIFIED_SOURCE,0,0,0,0,0,0,0,0,0,0,0,0,0,0,no,0,"NO_LIVE_LESSONS;NO_VERIFIED_SOURCE;NO_GOVERNED_OBJECTIVES;NO_CLASSWORK;NO_HOMEWORK;NO_PRACTICE;NO_QUIZ_OR_ITEMS;NO_TEST_OR_EXAM;NO_DIAGNOSTIC_BINDING;NO_UNIT_STRUCTURE;NO_TEXTBOOK_RESOURCE;NO_EXECUTABLE_RELEASE;NO_TOOL_POLICY"
5,AI_LITERACY,NO_VERIFIED_SOURCE,0,0,0,0,0,0,0,0,0,0,0,0,0,0,no,0,"NO_LIVE_LESSONS;NO_VERIFIED_SOURCE;NO_GOVERNED_OBJECTIVES;NO_CLASSWORK;NO_HOMEWORK;NO_PRACTICE;NO_QUIZ_OR_ITEMS;NO_TEST_OR_EXAM;NO_DIAGNOSTIC_BINDING;NO_UNIT_STRUCTURE;NO_TEXTBOOK_RESOURCE;NO_EXECUTABLE_RELEASE;NO_TOOL_POLICY"
5,DATA_LITERACY,NO_VERIFIED_SOURCE,0,0,0,0,0,0,0,0,0,0,0,0,0,0,no,0,"NO_LIVE_LESSONS;NO_VERIFIED_SOURCE;NO_GOVERNED_OBJECTIVES;NO_CLASSWORK;NO_HOMEWORK;NO_PRACTICE;NO_QUIZ_OR_ITEMS;NO_TEST_OR_EXAM;NO_DIAGNOSTIC_BINDING;NO_UNIT_STRUCTURE;NO_TEXTBOOK_RESOURCE;NO_EXECUTABLE_RELEASE;NO_TOOL_POLICY"
5,ENERGY_INFRASTRUCTURE,NO_VERIFIED_SOURCE,0,0,0,0,0,0,0,0,0,0,0,0,0,0,no,0,"NO_LIVE_LESSONS;NO_VERIFIED_SOURCE;NO_GOVERNED_OBJECTIVES;NO_CLASSWORK;NO_HOMEWORK;NO_PRACTICE;NO_QUIZ_OR_ITEMS;NO_TEST_OR_EXAM;NO_DIAGNOSTIC_BINDING;NO_UNIT_STRUCTURE;NO_TEXTBOOK_RESOURCE;NO_EXECUTABLE_RELEASE;NO_TOOL_POLICY"
6,MATH,AUTHORITY_CONFLICT,16,1,13,16,4,0,5,0,4,9,0,3,0,0,yes,0,"NO_GOVERNED_OBJECTIVES;LESSONS_WITHOUT_HUMAN_REVIEW;UNVERIFIED_PROVENANCE;NO_HOMEWORK;NO_TEST_OR_EXAM;NO_DIAGNOSTIC_BINDING;NO_TEXTBOOK_RESOURCE;NO_EXECUTABLE_RELEASE;NO_TOOL_POLICY"
6,LITERACY,AUTHORITY_CONFLICT,18,0,18,18,3,0,3,0,3,8,0,3,1,0,yes,0,"LESSONS_WITHOUT_HUMAN_REVIEW;UNVERIFIED_PROVENANCE;NO_HOMEWORK;NO_TEST_OR_EXAM;NO_DIAGNOSTIC_BINDING;NO_TEXTBOOK_RESOURCE;NO_EXECUTABLE_RELEASE;NO_TOOL_POLICY;NON_CANONICAL_SUBJECT_BINDING"
6,SCIENCE,RELEASE_BINDING_GAP,7,0,7,7,0,0,1,0,0,2,0,3,1,0,yes,0,"LESSONS_WITHOUT_HUMAN_REVIEW;UNVERIFIED_PROVENANCE;NO_CLASSWORK;NO_HOMEWORK;NO_QUIZ_OR_ITEMS;NO_TEST_OR_EXAM;NO_DIAGNOSTIC_BINDING;NO_TEXTBOOK_RESOURCE;NO_EXECUTABLE_RELEASE;NO_TOOL_POLICY;NO_TYPED_LAB"
6,SOCIAL_STUDIES,SOURCE_EXISTS_NOT_IMPORTED,0,0,0,0,0,0,0,0,0,0,0,2,1,0,yes,0,"NO_LIVE_LESSONS;NO_CLASSWORK;NO_HOMEWORK;NO_PRACTICE;NO_QUIZ_OR_ITEMS;NO_TEST_OR_EXAM;NO_DIAGNOSTIC_BINDING;NO_TEXTBOOK_RESOURCE;NO_EXECUTABLE_RELEASE;NO_TOOL_POLICY"
6,CIVICS,RELEASE_BINDING_GAP,5,0,5,5,0,0,0,0,0,0,0,3,0,0,no,0,"NO_VERIFIED_SOURCE;NO_GOVERNED_OBJECTIVES;LESSONS_WITHOUT_HUMAN_REVIEW;UNVERIFIED_PROVENANCE;NO_CLASSWORK;NO_HOMEWORK;NO_QUIZ_OR_ITEMS;NO_TEST_OR_EXAM;NO_DIAGNOSTIC_BINDING;NO_TEXTBOOK_RESOURCE;NO_EXECUTABLE_RELEASE;NO_TOOL_POLICY"
6,COMPUTER_SCIENCE,RELEASE_BINDING_GAP,9,0,9,9,0,0,1,0,0,0,0,0,0,0,no,0,"NO_VERIFIED_SOURCE;NO_GOVERNED_OBJECTIVES;LESSONS_WITHOUT_HUMAN_REVIEW;UNVERIFIED_PROVENANCE;NO_CLASSWORK;NO_HOMEWORK;NO_QUIZ_OR_ITEMS;NO_TEST_OR_EXAM;NO_DIAGNOSTIC_BINDING;NO_UNIT_STRUCTURE;NO_TEXTBOOK_RESOURCE;NO_EXECUTABLE_RELEASE;NO_TOOL_POLICY"
6,DIGITAL_LITERACY,NO_VERIFIED_SOURCE,0,0,0,0,0,0,0,0,0,0,0,0,0,0,no,0,"NO_LIVE_LESSONS;NO_VERIFIED_SOURCE;NO_GOVERNED_OBJECTIVES;NO_CLASSWORK;NO_HOMEWORK;NO_PRACTICE;NO_QUIZ_OR_ITEMS;NO_TEST_OR_EXAM;NO_DIAGNOSTIC_BINDING;NO_UNIT_STRUCTURE;NO_TEXTBOOK_RESOURCE;NO_EXECUTABLE_RELEASE;NO_TOOL_POLICY"
6,ENGINEERING_FOUNDATIONS,RELEASE_BINDING_GAP,13,0,13,13,0,0,0,0,0,0,0,0,0,0,no,0,"NO_VERIFIED_SOURCE;NO_GOVERNED_OBJECTIVES;LESSONS_WITHOUT_HUMAN_REVIEW;UNVERIFIED_PROVENANCE;NO_CLASSWORK;NO_HOMEWORK;NO_PRACTICE;NO_QUIZ_OR_ITEMS;NO_TEST_OR_EXAM;NO_DIAGNOSTIC_BINDING;NO_UNIT_STRUCTURE;NO_TEXTBOOK_RESOURCE;NO_EXECUTABLE_RELEASE;NO_TOOL_POLICY"
6,BUSINESS_ENTREPRENEURSHIP,NO_VERIFIED_SOURCE,0,0,0,0,0,0,0,0,0,0,0,0,0,0,no,0,"NO_LIVE_LESSONS;NO_VERIFIED_SOURCE;NO_GOVERNED_OBJECTIVES;NO_CLASSWORK;NO_HOMEWORK;NO_PRACTICE;NO_QUIZ_OR_ITEMS;NO_TEST_OR_EXAM;NO_DIAGNOSTIC_BINDING;NO_UNIT_STRUCTURE;NO_TEXTBOOK_RESOURCE;NO_EXECUTABLE_RELEASE;NO_TOOL_POLICY"
6,FINANCIAL_LITERACY,NO_VERIFIED_SOURCE,0,0,0,0,0,0,0,0,0,0,0,0,0,0,no,0,"NO_LIVE_LESSONS;NO_VERIFIED_SOURCE;NO_GOVERNED_OBJECTIVES;NO_CLASSWORK;NO_HOMEWORK;NO_PRACTICE;NO_QUIZ_OR_ITEMS;NO_TEST_OR_EXAM;NO_DIAGNOSTIC_BINDING;NO_UNIT_STRUCTURE;NO_TEXTBOOK_RESOURCE;NO_EXECUTABLE_RELEASE;NO_TOOL_POLICY"
6,CAREER_EXPLORATION,NO_VERIFIED_SOURCE,0,0,0,0,0,0,0,0,0,0,0,0,0,0,no,0,"NO_LIVE_LESSONS;NO_VERIFIED_SOURCE;NO_GOVERNED_OBJECTIVES;NO_CLASSWORK;NO_HOMEWORK;NO_PRACTICE;NO_QUIZ_OR_ITEMS;NO_TEST_OR_EXAM;NO_DIAGNOSTIC_BINDING;NO_UNIT_STRUCTURE;NO_TEXTBOOK_RESOURCE;NO_EXECUTABLE_RELEASE;NO_TOOL_POLICY"
6,COMMUNICATION_SKILLS,NO_VERIFIED_SOURCE,0,0,0,0,0,0,0,0,0,0,0,0,0,0,no,0,"NO_LIVE_LESSONS;NO_VERIFIED_SOURCE;NO_GOVERNED_OBJECTIVES;NO_CLASSWORK;NO_HOMEWORK;NO_PRACTICE;NO_QUIZ_OR_ITEMS;NO_TEST_OR_EXAM;NO_DIAGNOSTIC_BINDING;NO_UNIT_STRUCTURE;NO_TEXTBOOK_RESOURCE;NO_EXECUTABLE_RELEASE;NO_TOOL_POLICY"
6,PROBLEM_SOLVING,NO_VERIFIED_SOURCE,0,0,0,0,0,0,0,0,0,0,0,0,0,0,no,0,"NO_LIVE_LESSONS;NO_VERIFIED_SOURCE;NO_GOVERNED_OBJECTIVES;NO_CLASSWORK;NO_HOMEWORK;NO_PRACTICE;NO_QUIZ_OR_ITEMS;NO_TEST_OR_EXAM;NO_DIAGNOSTIC_BINDING;NO_UNIT_STRUCTURE;NO_TEXTBOOK_RESOURCE;NO_EXECUTABLE_RELEASE;NO_TOOL_POLICY"
6,CREATIVITY_INNOVATION,NO_VERIFIED_SOURCE,0,0,0,0,0,0,0,0,0,0,0,0,0,0,no,0,"NO_LIVE_LESSONS;NO_VERIFIED_SOURCE;NO_GOVERNED_OBJECTIVES;NO_CLASSWORK;NO_HOMEWORK;NO_PRACTICE;NO_QUIZ_OR_ITEMS;NO_TEST_OR_EXAM;NO_DIAGNOSTIC_BINDING;NO_UNIT_STRUCTURE;NO_TEXTBOOK_RESOURCE;NO_EXECUTABLE_RELEASE;NO_TOOL_POLICY"
6,AGRICULTURE,NO_VERIFIED_SOURCE,0,0,0,0,0,0,0,0,0,0,0,0,0,0,no,0,"NO_LIVE_LESSONS;NO_VERIFIED_SOURCE;NO_GOVERNED_OBJECTIVES;NO_CLASSWORK;NO_HOMEWORK;NO_PRACTICE;NO_QUIZ_OR_ITEMS;NO_TEST_OR_EXAM;NO_DIAGNOSTIC_BINDING;NO_UNIT_STRUCTURE;NO_TEXTBOOK_RESOURCE;NO_EXECUTABLE_RELEASE;NO_TOOL_POLICY"
6,ENVIRONMENTAL_STUDIES,NO_VERIFIED_SOURCE,0,0,0,0,0,0,0,0,0,0,0,0,0,0,no,0,"NO_LIVE_LESSONS;NO_VERIFIED_SOURCE;NO_GOVERNED_OBJECTIVES;NO_CLASSWORK;NO_HOMEWORK;NO_PRACTICE;NO_QUIZ_OR_ITEMS;NO_TEST_OR_EXAM;NO_DIAGNOSTIC_BINDING;NO_UNIT_STRUCTURE;NO_TEXTBOOK_RESOURCE;NO_EXECUTABLE_RELEASE;NO_TOOL_POLICY"
6,AI_LITERACY,NO_VERIFIED_SOURCE,0,0,0,0,0,0,0,0,0,0,0,0,0,0,no,0,"NO_LIVE_LESSONS;NO_VERIFIED_SOURCE;NO_GOVERNED_OBJECTIVES;NO_CLASSWORK;NO_HOMEWORK;NO_PRACTICE;NO_QUIZ_OR_ITEMS;NO_TEST_OR_EXAM;NO_DIAGNOSTIC_BINDING;NO_UNIT_STRUCTURE;NO_TEXTBOOK_RESOURCE;NO_EXECUTABLE_RELEASE;NO_TOOL_POLICY"
6,DATA_LITERACY,NO_VERIFIED_SOURCE,0,0,0,0,0,0,0,0,0,0,0,0,0,0,no,0,"NO_LIVE_LESSONS;NO_VERIFIED_SOURCE;NO_GOVERNED_OBJECTIVES;NO_CLASSWORK;NO_HOMEWORK;NO_PRACTICE;NO_QUIZ_OR_ITEMS;NO_TEST_OR_EXAM;NO_DIAGNOSTIC_BINDING;NO_UNIT_STRUCTURE;NO_TEXTBOOK_RESOURCE;NO_EXECUTABLE_RELEASE;NO_TOOL_POLICY"
6,ENERGY_INFRASTRUCTURE,NO_VERIFIED_SOURCE,0,0,0,0,0,0,0,0,0,0,0,0,0,0,no,0,"NO_LIVE_LESSONS;NO_VERIFIED_SOURCE;NO_GOVERNED_OBJECTIVES;NO_CLASSWORK;NO_HOMEWORK;NO_PRACTICE;NO_QUIZ_OR_ITEMS;NO_TEST_OR_EXAM;NO_DIAGNOSTIC_BINDING;NO_UNIT_STRUCTURE;NO_TEXTBOOK_RESOURCE;NO_EXECUTABLE_RELEASE;NO_TOOL_POLICY"
7,MATH,AUTHORITY_CONFLICT,40,0,40,40,1,0,3,0,1,5,0,10,0,1,yes,0,"NO_GOVERNED_OBJECTIVES;LESSONS_WITHOUT_HUMAN_REVIEW;UNVERIFIED_PROVENANCE;NO_HOMEWORK;NO_DIAGNOSTIC_BINDING;NO_TEXTBOOK_RESOURCE;NO_EXECUTABLE_RELEASE;NO_TOOL_POLICY"
7,LITERACY,AUTHORITY_CONFLICT,108,0,108,108,1,0,4,0,1,7,0,20,0,0,yes,0,"NO_GOVERNED_OBJECTIVES;LESSONS_WITHOUT_HUMAN_REVIEW;UNVERIFIED_PROVENANCE;NO_HOMEWORK;NO_TEST_OR_EXAM;NO_DIAGNOSTIC_BINDING;NO_TEXTBOOK_RESOURCE;NO_EXECUTABLE_RELEASE;NO_TOOL_POLICY;NON_CANONICAL_SUBJECT_BINDING"
7,SCIENCE,AUTHORITY_CONFLICT,76,0,76,76,4,0,6,43,47,6,4,10,0,0,yes,0,"NO_GOVERNED_OBJECTIVES;LESSONS_WITHOUT_HUMAN_REVIEW;UNVERIFIED_PROVENANCE;NO_HOMEWORK;NO_TEST_OR_EXAM;NO_DIAGNOSTIC_BINDING;NO_TEXTBOOK_RESOURCE;NO_EXECUTABLE_RELEASE;NO_TOOL_POLICY"
7,SOCIAL_STUDIES,AUTHORITY_CONFLICT,53,0,53,53,4,0,5,41,45,0,0,10,0,0,yes,0,"NO_GOVERNED_OBJECTIVES;LESSONS_WITHOUT_HUMAN_REVIEW;UNVERIFIED_PROVENANCE;NO_HOMEWORK;NO_TEST_OR_EXAM;NO_DIAGNOSTIC_BINDING;NO_TEXTBOOK_RESOURCE;NO_EXECUTABLE_RELEASE;NO_TOOL_POLICY"
7,CIVICS,AUTHORITY_CONFLICT,83,0,81,83,4,0,5,44,48,0,0,10,0,0,no,0,"NO_VERIFIED_SOURCE;NO_GOVERNED_OBJECTIVES;LESSONS_WITHOUT_HUMAN_REVIEW;UNVERIFIED_PROVENANCE;NO_HOMEWORK;NO_TEST_OR_EXAM;NO_DIAGNOSTIC_BINDING;NO_TEXTBOOK_RESOURCE;NO_EXECUTABLE_RELEASE;NO_TOOL_POLICY"
7,COMPUTER_SCIENCE,RELEASE_BINDING_GAP,13,0,13,13,0,0,0,0,0,0,0,0,0,0,no,0,"NO_VERIFIED_SOURCE;NO_GOVERNED_OBJECTIVES;LESSONS_WITHOUT_HUMAN_REVIEW;UNVERIFIED_PROVENANCE;NO_CLASSWORK;NO_HOMEWORK;NO_QUIZ_OR_ITEMS;NO_TEST_OR_EXAM;NO_DIAGNOSTIC_BINDING;NO_UNIT_STRUCTURE;NO_TEXTBOOK_RESOURCE;NO_EXECUTABLE_RELEASE;NO_TOOL_POLICY"
7,DIGITAL_LITERACY,NO_VERIFIED_SOURCE,0,0,0,0,0,0,0,0,0,0,0,0,0,0,no,0,"NO_LIVE_LESSONS;NO_VERIFIED_SOURCE;NO_GOVERNED_OBJECTIVES;NO_CLASSWORK;NO_HOMEWORK;NO_PRACTICE;NO_QUIZ_OR_ITEMS;NO_TEST_OR_EXAM;NO_DIAGNOSTIC_BINDING;NO_UNIT_STRUCTURE;NO_TEXTBOOK_RESOURCE;NO_EXECUTABLE_RELEASE;NO_TOOL_POLICY"
7,ENGINEERING_FOUNDATIONS,RELEASE_BINDING_GAP,12,0,12,12,0,0,2,0,0,0,0,0,0,0,no,0,"NO_VERIFIED_SOURCE;NO_GOVERNED_OBJECTIVES;LESSONS_WITHOUT_HUMAN_REVIEW;UNVERIFIED_PROVENANCE;NO_CLASSWORK;NO_HOMEWORK;NO_QUIZ_OR_ITEMS;NO_TEST_OR_EXAM;NO_DIAGNOSTIC_BINDING;NO_UNIT_STRUCTURE;NO_TEXTBOOK_RESOURCE;NO_EXECUTABLE_RELEASE;NO_TOOL_POLICY;NON_CANONICAL_SUBJECT_BINDING"
7,BUSINESS_ENTREPRENEURSHIP,NO_VERIFIED_SOURCE,0,0,0,0,0,0,0,0,0,0,0,0,0,0,no,0,"NO_LIVE_LESSONS;NO_VERIFIED_SOURCE;NO_GOVERNED_OBJECTIVES;NO_CLASSWORK;NO_HOMEWORK;NO_PRACTICE;NO_QUIZ_OR_ITEMS;NO_TEST_OR_EXAM;NO_DIAGNOSTIC_BINDING;NO_UNIT_STRUCTURE;NO_TEXTBOOK_RESOURCE;NO_EXECUTABLE_RELEASE;NO_TOOL_POLICY"
7,FINANCIAL_LITERACY,NO_VERIFIED_SOURCE,0,0,0,0,0,0,0,0,0,0,0,0,0,0,no,0,"NO_LIVE_LESSONS;NO_VERIFIED_SOURCE;NO_GOVERNED_OBJECTIVES;NO_CLASSWORK;NO_HOMEWORK;NO_PRACTICE;NO_QUIZ_OR_ITEMS;NO_TEST_OR_EXAM;NO_DIAGNOSTIC_BINDING;NO_UNIT_STRUCTURE;NO_TEXTBOOK_RESOURCE;NO_EXECUTABLE_RELEASE;NO_TOOL_POLICY"
7,CAREER_EXPLORATION,NO_VERIFIED_SOURCE,0,0,0,0,0,0,0,0,0,0,0,0,0,0,no,0,"NO_LIVE_LESSONS;NO_VERIFIED_SOURCE;NO_GOVERNED_OBJECTIVES;NO_CLASSWORK;NO_HOMEWORK;NO_PRACTICE;NO_QUIZ_OR_ITEMS;NO_TEST_OR_EXAM;NO_DIAGNOSTIC_BINDING;NO_UNIT_STRUCTURE;NO_TEXTBOOK_RESOURCE;NO_EXECUTABLE_RELEASE;NO_TOOL_POLICY"
7,COMMUNICATION_SKILLS,NO_VERIFIED_SOURCE,0,0,0,0,0,0,0,0,0,0,0,0,0,0,no,0,"NO_LIVE_LESSONS;NO_VERIFIED_SOURCE;NO_GOVERNED_OBJECTIVES;NO_CLASSWORK;NO_HOMEWORK;NO_PRACTICE;NO_QUIZ_OR_ITEMS;NO_TEST_OR_EXAM;NO_DIAGNOSTIC_BINDING;NO_UNIT_STRUCTURE;NO_TEXTBOOK_RESOURCE;NO_EXECUTABLE_RELEASE;NO_TOOL_POLICY"
7,PROBLEM_SOLVING,NO_VERIFIED_SOURCE,0,0,0,0,0,0,0,0,0,0,0,0,0,0,no,0,"NO_LIVE_LESSONS;NO_VERIFIED_SOURCE;NO_GOVERNED_OBJECTIVES;NO_CLASSWORK;NO_HOMEWORK;NO_PRACTICE;NO_QUIZ_OR_ITEMS;NO_TEST_OR_EXAM;NO_DIAGNOSTIC_BINDING;NO_UNIT_STRUCTURE;NO_TEXTBOOK_RESOURCE;NO_EXECUTABLE_RELEASE;NO_TOOL_POLICY"
7,CREATIVITY_INNOVATION,NO_VERIFIED_SOURCE,0,0,0,0,0,0,0,0,0,0,0,0,0,0,no,0,"NO_LIVE_LESSONS;NO_VERIFIED_SOURCE;NO_GOVERNED_OBJECTIVES;NO_CLASSWORK;NO_HOMEWORK;NO_PRACTICE;NO_QUIZ_OR_ITEMS;NO_TEST_OR_EXAM;NO_DIAGNOSTIC_BINDING;NO_UNIT_STRUCTURE;NO_TEXTBOOK_RESOURCE;NO_EXECUTABLE_RELEASE;NO_TOOL_POLICY"
7,AGRICULTURE,NO_VERIFIED_SOURCE,0,0,0,0,0,0,0,0,0,0,0,0,0,0,no,0,"NO_LIVE_LESSONS;NO_VERIFIED_SOURCE;NO_GOVERNED_OBJECTIVES;NO_CLASSWORK;NO_HOMEWORK;NO_PRACTICE;NO_QUIZ_OR_ITEMS;NO_TEST_OR_EXAM;NO_DIAGNOSTIC_BINDING;NO_UNIT_STRUCTURE;NO_TEXTBOOK_RESOURCE;NO_EXECUTABLE_RELEASE;NO_TOOL_POLICY"
7,ENVIRONMENTAL_STUDIES,NO_VERIFIED_SOURCE,0,0,0,0,0,0,0,0,0,0,0,0,0,0,no,0,"NO_LIVE_LESSONS;NO_VERIFIED_SOURCE;NO_GOVERNED_OBJECTIVES;NO_CLASSWORK;NO_HOMEWORK;NO_PRACTICE;NO_QUIZ_OR_ITEMS;NO_TEST_OR_EXAM;NO_DIAGNOSTIC_BINDING;NO_UNIT_STRUCTURE;NO_TEXTBOOK_RESOURCE;NO_EXECUTABLE_RELEASE;NO_TOOL_POLICY"
7,AI_LITERACY,NO_VERIFIED_SOURCE,0,0,0,0,0,0,0,0,0,0,0,0,0,0,no,0,"NO_LIVE_LESSONS;NO_VERIFIED_SOURCE;NO_GOVERNED_OBJECTIVES;NO_CLASSWORK;NO_HOMEWORK;NO_PRACTICE;NO_QUIZ_OR_ITEMS;NO_TEST_OR_EXAM;NO_DIAGNOSTIC_BINDING;NO_UNIT_STRUCTURE;NO_TEXTBOOK_RESOURCE;NO_EXECUTABLE_RELEASE;NO_TOOL_POLICY"
7,DATA_LITERACY,NO_VERIFIED_SOURCE,0,0,0,0,0,0,0,0,0,0,0,0,0,0,no,0,"NO_LIVE_LESSONS;NO_VERIFIED_SOURCE;NO_GOVERNED_OBJECTIVES;NO_CLASSWORK;NO_HOMEWORK;NO_PRACTICE;NO_QUIZ_OR_ITEMS;NO_TEST_OR_EXAM;NO_DIAGNOSTIC_BINDING;NO_UNIT_STRUCTURE;NO_TEXTBOOK_RESOURCE;NO_EXECUTABLE_RELEASE;NO_TOOL_POLICY"
7,ENERGY_INFRASTRUCTURE,NO_VERIFIED_SOURCE,0,0,0,0,0,0,0,0,0,0,0,0,0,0,no,0,"NO_LIVE_LESSONS;NO_VERIFIED_SOURCE;NO_GOVERNED_OBJECTIVES;NO_CLASSWORK;NO_HOMEWORK;NO_PRACTICE;NO_QUIZ_OR_ITEMS;NO_TEST_OR_EXAM;NO_DIAGNOSTIC_BINDING;NO_UNIT_STRUCTURE;NO_TEXTBOOK_RESOURCE;NO_EXECUTABLE_RELEASE;NO_TOOL_POLICY"
8,MATH,RELEASE_BINDING_GAP,8,0,8,8,0,0,0,0,0,4,0,3,0,0,yes,0,"NO_GOVERNED_OBJECTIVES;LESSONS_WITHOUT_HUMAN_REVIEW;UNVERIFIED_PROVENANCE;NO_CLASSWORK;NO_HOMEWORK;NO_QUIZ_OR_ITEMS;NO_TEST_OR_EXAM;NO_DIAGNOSTIC_BINDING;NO_TEXTBOOK_RESOURCE;NO_EXECUTABLE_RELEASE;NO_TOOL_POLICY"
8,LITERACY,RELEASE_BINDING_GAP,19,0,19,19,0,0,0,0,0,3,0,3,0,0,yes,0,"NO_GOVERNED_OBJECTIVES;LESSONS_WITHOUT_HUMAN_REVIEW;UNVERIFIED_PROVENANCE;NO_CLASSWORK;NO_HOMEWORK;NO_QUIZ_OR_ITEMS;NO_TEST_OR_EXAM;NO_DIAGNOSTIC_BINDING;NO_TEXTBOOK_RESOURCE;NO_EXECUTABLE_RELEASE;NO_TOOL_POLICY;NON_CANONICAL_SUBJECT_BINDING"
8,SCIENCE,RELEASE_BINDING_GAP,5,0,5,5,0,0,0,0,0,3,6,3,0,0,yes,0,"NO_GOVERNED_OBJECTIVES;LESSONS_WITHOUT_HUMAN_REVIEW;UNVERIFIED_PROVENANCE;NO_CLASSWORK;NO_HOMEWORK;NO_QUIZ_OR_ITEMS;NO_TEST_OR_EXAM;NO_DIAGNOSTIC_BINDING;NO_TEXTBOOK_RESOURCE;NO_EXECUTABLE_RELEASE;NO_TOOL_POLICY"
8,SOCIAL_STUDIES,SOURCE_EXISTS_NOT_IMPORTED,0,0,0,0,0,0,0,0,0,0,0,2,0,0,yes,0,"NO_LIVE_LESSONS;NO_GOVERNED_OBJECTIVES;NO_CLASSWORK;NO_HOMEWORK;NO_PRACTICE;NO_QUIZ_OR_ITEMS;NO_TEST_OR_EXAM;NO_DIAGNOSTIC_BINDING;NO_TEXTBOOK_RESOURCE;NO_EXECUTABLE_RELEASE;NO_TOOL_POLICY"
8,CIVICS,RELEASE_BINDING_GAP,5,0,5,5,0,0,0,0,0,0,0,3,0,0,no,0,"NO_VERIFIED_SOURCE;NO_GOVERNED_OBJECTIVES;LESSONS_WITHOUT_HUMAN_REVIEW;UNVERIFIED_PROVENANCE;NO_CLASSWORK;NO_HOMEWORK;NO_QUIZ_OR_ITEMS;NO_TEST_OR_EXAM;NO_DIAGNOSTIC_BINDING;NO_TEXTBOOK_RESOURCE;NO_EXECUTABLE_RELEASE;NO_TOOL_POLICY"
8,COMPUTER_SCIENCE,RELEASE_BINDING_GAP,14,0,14,14,0,0,0,0,0,0,0,0,0,0,no,0,"NO_VERIFIED_SOURCE;NO_GOVERNED_OBJECTIVES;LESSONS_WITHOUT_HUMAN_REVIEW;UNVERIFIED_PROVENANCE;NO_CLASSWORK;NO_HOMEWORK;NO_QUIZ_OR_ITEMS;NO_TEST_OR_EXAM;NO_DIAGNOSTIC_BINDING;NO_UNIT_STRUCTURE;NO_TEXTBOOK_RESOURCE;NO_EXECUTABLE_RELEASE;NO_TOOL_POLICY"
8,DIGITAL_LITERACY,NO_VERIFIED_SOURCE,0,0,0,0,0,0,0,0,0,0,0,0,0,0,no,0,"NO_LIVE_LESSONS;NO_VERIFIED_SOURCE;NO_GOVERNED_OBJECTIVES;NO_CLASSWORK;NO_HOMEWORK;NO_PRACTICE;NO_QUIZ_OR_ITEMS;NO_TEST_OR_EXAM;NO_DIAGNOSTIC_BINDING;NO_UNIT_STRUCTURE;NO_TEXTBOOK_RESOURCE;NO_EXECUTABLE_RELEASE;NO_TOOL_POLICY"
8,ENGINEERING_FOUNDATIONS,RELEASE_BINDING_GAP,9,0,9,9,0,0,0,0,0,0,0,0,0,0,no,0,"NO_VERIFIED_SOURCE;NO_GOVERNED_OBJECTIVES;LESSONS_WITHOUT_HUMAN_REVIEW;UNVERIFIED_PROVENANCE;NO_CLASSWORK;NO_HOMEWORK;NO_PRACTICE;NO_QUIZ_OR_ITEMS;NO_TEST_OR_EXAM;NO_DIAGNOSTIC_BINDING;NO_UNIT_STRUCTURE;NO_TEXTBOOK_RESOURCE;NO_EXECUTABLE_RELEASE;NO_TOOL_POLICY"
8,BUSINESS_ENTREPRENEURSHIP,NO_VERIFIED_SOURCE,0,0,0,0,0,0,0,0,0,0,0,0,0,0,no,0,"NO_LIVE_LESSONS;NO_VERIFIED_SOURCE;NO_GOVERNED_OBJECTIVES;NO_CLASSWORK;NO_HOMEWORK;NO_PRACTICE;NO_QUIZ_OR_ITEMS;NO_TEST_OR_EXAM;NO_DIAGNOSTIC_BINDING;NO_UNIT_STRUCTURE;NO_TEXTBOOK_RESOURCE;NO_EXECUTABLE_RELEASE;NO_TOOL_POLICY"
8,FINANCIAL_LITERACY,NO_VERIFIED_SOURCE,0,0,0,0,0,0,0,0,0,0,0,0,0,0,no,0,"NO_LIVE_LESSONS;NO_VERIFIED_SOURCE;NO_GOVERNED_OBJECTIVES;NO_CLASSWORK;NO_HOMEWORK;NO_PRACTICE;NO_QUIZ_OR_ITEMS;NO_TEST_OR_EXAM;NO_DIAGNOSTIC_BINDING;NO_UNIT_STRUCTURE;NO_TEXTBOOK_RESOURCE;NO_EXECUTABLE_RELEASE;NO_TOOL_POLICY"
8,CAREER_EXPLORATION,NO_VERIFIED_SOURCE,0,0,0,0,0,0,0,0,0,0,0,0,0,0,no,0,"NO_LIVE_LESSONS;NO_VERIFIED_SOURCE;NO_GOVERNED_OBJECTIVES;NO_CLASSWORK;NO_HOMEWORK;NO_PRACTICE;NO_QUIZ_OR_ITEMS;NO_TEST_OR_EXAM;NO_DIAGNOSTIC_BINDING;NO_UNIT_STRUCTURE;NO_TEXTBOOK_RESOURCE;NO_EXECUTABLE_RELEASE;NO_TOOL_POLICY"
8,COMMUNICATION_SKILLS,NO_VERIFIED_SOURCE,0,0,0,0,0,0,0,0,0,0,0,0,0,0,no,0,"NO_LIVE_LESSONS;NO_VERIFIED_SOURCE;NO_GOVERNED_OBJECTIVES;NO_CLASSWORK;NO_HOMEWORK;NO_PRACTICE;NO_QUIZ_OR_ITEMS;NO_TEST_OR_EXAM;NO_DIAGNOSTIC_BINDING;NO_UNIT_STRUCTURE;NO_TEXTBOOK_RESOURCE;NO_EXECUTABLE_RELEASE;NO_TOOL_POLICY"
8,PROBLEM_SOLVING,NO_VERIFIED_SOURCE,0,0,0,0,0,0,0,0,0,0,0,0,0,0,no,0,"NO_LIVE_LESSONS;NO_VERIFIED_SOURCE;NO_GOVERNED_OBJECTIVES;NO_CLASSWORK;NO_HOMEWORK;NO_PRACTICE;NO_QUIZ_OR_ITEMS;NO_TEST_OR_EXAM;NO_DIAGNOSTIC_BINDING;NO_UNIT_STRUCTURE;NO_TEXTBOOK_RESOURCE;NO_EXECUTABLE_RELEASE;NO_TOOL_POLICY"
8,CREATIVITY_INNOVATION,NO_VERIFIED_SOURCE,0,0,0,0,0,0,0,0,0,0,0,0,0,0,no,0,"NO_LIVE_LESSONS;NO_VERIFIED_SOURCE;NO_GOVERNED_OBJECTIVES;NO_CLASSWORK;NO_HOMEWORK;NO_PRACTICE;NO_QUIZ_OR_ITEMS;NO_TEST_OR_EXAM;NO_DIAGNOSTIC_BINDING;NO_UNIT_STRUCTURE;NO_TEXTBOOK_RESOURCE;NO_EXECUTABLE_RELEASE;NO_TOOL_POLICY"
8,AGRICULTURE,NO_VERIFIED_SOURCE,0,0,0,0,0,0,0,0,0,0,0,0,0,0,no,0,"NO_LIVE_LESSONS;NO_VERIFIED_SOURCE;NO_GOVERNED_OBJECTIVES;NO_CLASSWORK;NO_HOMEWORK;NO_PRACTICE;NO_QUIZ_OR_ITEMS;NO_TEST_OR_EXAM;NO_DIAGNOSTIC_BINDING;NO_UNIT_STRUCTURE;NO_TEXTBOOK_RESOURCE;NO_EXECUTABLE_RELEASE;NO_TOOL_POLICY"
8,ENVIRONMENTAL_STUDIES,NO_VERIFIED_SOURCE,0,0,0,0,0,0,0,0,0,0,0,0,0,0,no,0,"NO_LIVE_LESSONS;NO_VERIFIED_SOURCE;NO_GOVERNED_OBJECTIVES;NO_CLASSWORK;NO_HOMEWORK;NO_PRACTICE;NO_QUIZ_OR_ITEMS;NO_TEST_OR_EXAM;NO_DIAGNOSTIC_BINDING;NO_UNIT_STRUCTURE;NO_TEXTBOOK_RESOURCE;NO_EXECUTABLE_RELEASE;NO_TOOL_POLICY"
8,AI_LITERACY,NO_VERIFIED_SOURCE,0,0,0,0,0,0,0,0,0,0,0,0,0,0,no,0,"NO_LIVE_LESSONS;NO_VERIFIED_SOURCE;NO_GOVERNED_OBJECTIVES;NO_CLASSWORK;NO_HOMEWORK;NO_PRACTICE;NO_QUIZ_OR_ITEMS;NO_TEST_OR_EXAM;NO_DIAGNOSTIC_BINDING;NO_UNIT_STRUCTURE;NO_TEXTBOOK_RESOURCE;NO_EXECUTABLE_RELEASE;NO_TOOL_POLICY"
8,DATA_LITERACY,NO_VERIFIED_SOURCE,0,0,0,0,0,0,0,0,0,0,0,0,0,0,no,0,"NO_LIVE_LESSONS;NO_VERIFIED_SOURCE;NO_GOVERNED_OBJECTIVES;NO_CLASSWORK;NO_HOMEWORK;NO_PRACTICE;NO_QUIZ_OR_ITEMS;NO_TEST_OR_EXAM;NO_DIAGNOSTIC_BINDING;NO_UNIT_STRUCTURE;NO_TEXTBOOK_RESOURCE;NO_EXECUTABLE_RELEASE;NO_TOOL_POLICY"
8,ENERGY_INFRASTRUCTURE,NO_VERIFIED_SOURCE,0,0,0,0,0,0,0,0,0,0,0,0,0,0,no,0,"NO_LIVE_LESSONS;NO_VERIFIED_SOURCE;NO_GOVERNED_OBJECTIVES;NO_CLASSWORK;NO_HOMEWORK;NO_PRACTICE;NO_QUIZ_OR_ITEMS;NO_TEST_OR_EXAM;NO_DIAGNOSTIC_BINDING;NO_UNIT_STRUCTURE;NO_TEXTBOOK_RESOURCE;NO_EXECUTABLE_RELEASE;NO_TOOL_POLICY"
9,MATH,AUTHORITY_CONFLICT,3,0,2,3,1,0,2,0,1,1,0,3,1,1,yes,0,"LESSONS_WITHOUT_HUMAN_REVIEW;UNVERIFIED_PROVENANCE;NO_HOMEWORK;NO_DIAGNOSTIC_BINDING;NO_TEXTBOOK_RESOURCE;NO_EXECUTABLE_RELEASE;NO_TOOL_POLICY"
9,LITERACY,RELEASE_BINDING_GAP,10,0,10,10,0,0,0,0,0,1,0,3,1,0,yes,0,"LESSONS_WITHOUT_HUMAN_REVIEW;UNVERIFIED_PROVENANCE;NO_CLASSWORK;NO_HOMEWORK;NO_QUIZ_OR_ITEMS;NO_TEST_OR_EXAM;NO_DIAGNOSTIC_BINDING;NO_TEXTBOOK_RESOURCE;NO_EXECUTABLE_RELEASE;NO_TOOL_POLICY;NON_CANONICAL_SUBJECT_BINDING"
9,SCIENCE,SOURCE_EXISTS_NOT_IMPORTED,0,0,0,0,0,0,0,0,0,0,10,2,1,0,yes,0,"NO_LIVE_LESSONS;NO_CLASSWORK;NO_HOMEWORK;NO_QUIZ_OR_ITEMS;NO_TEST_OR_EXAM;NO_DIAGNOSTIC_BINDING;NO_TEXTBOOK_RESOURCE;NO_EXECUTABLE_RELEASE;NO_TOOL_POLICY"
9,SOCIAL_STUDIES,RELEASE_BINDING_GAP,1,0,1,1,0,0,1,0,0,0,0,2,1,0,yes,0,"LESSONS_WITHOUT_HUMAN_REVIEW;UNVERIFIED_PROVENANCE;NO_CLASSWORK;NO_HOMEWORK;NO_QUIZ_OR_ITEMS;NO_TEST_OR_EXAM;NO_DIAGNOSTIC_BINDING;NO_TEXTBOOK_RESOURCE;NO_EXECUTABLE_RELEASE;NO_TOOL_POLICY"
9,CIVICS,NO_VERIFIED_SOURCE,0,0,0,0,0,0,0,0,0,0,0,2,0,0,no,0,"NO_LIVE_LESSONS;NO_VERIFIED_SOURCE;NO_GOVERNED_OBJECTIVES;NO_CLASSWORK;NO_HOMEWORK;NO_QUIZ_OR_ITEMS;NO_TEST_OR_EXAM;NO_DIAGNOSTIC_BINDING;NO_TEXTBOOK_RESOURCE;NO_EXECUTABLE_RELEASE;NO_TOOL_POLICY"
9,COMPUTER_SCIENCE,RELEASE_BINDING_GAP,9,0,9,9,0,0,1,0,0,0,0,0,0,0,no,0,"NO_VERIFIED_SOURCE;NO_GOVERNED_OBJECTIVES;LESSONS_WITHOUT_HUMAN_REVIEW;UNVERIFIED_PROVENANCE;NO_CLASSWORK;NO_HOMEWORK;NO_QUIZ_OR_ITEMS;NO_TEST_OR_EXAM;NO_DIAGNOSTIC_BINDING;NO_UNIT_STRUCTURE;NO_TEXTBOOK_RESOURCE;NO_EXECUTABLE_RELEASE;NO_TOOL_POLICY"
9,DIGITAL_LITERACY,NO_VERIFIED_SOURCE,0,0,0,0,0,0,0,0,0,0,0,0,0,0,no,0,"NO_LIVE_LESSONS;NO_VERIFIED_SOURCE;NO_GOVERNED_OBJECTIVES;NO_CLASSWORK;NO_HOMEWORK;NO_PRACTICE;NO_QUIZ_OR_ITEMS;NO_TEST_OR_EXAM;NO_DIAGNOSTIC_BINDING;NO_UNIT_STRUCTURE;NO_TEXTBOOK_RESOURCE;NO_EXECUTABLE_RELEASE;NO_TOOL_POLICY"
9,ENGINEERING_FOUNDATIONS,RELEASE_BINDING_GAP,13,0,13,13,0,0,1,0,0,0,0,0,0,0,no,0,"NO_VERIFIED_SOURCE;NO_GOVERNED_OBJECTIVES;LESSONS_WITHOUT_HUMAN_REVIEW;UNVERIFIED_PROVENANCE;NO_CLASSWORK;NO_HOMEWORK;NO_QUIZ_OR_ITEMS;NO_TEST_OR_EXAM;NO_DIAGNOSTIC_BINDING;NO_UNIT_STRUCTURE;NO_TEXTBOOK_RESOURCE;NO_EXECUTABLE_RELEASE;NO_TOOL_POLICY;NON_CANONICAL_SUBJECT_BINDING"
9,BUSINESS_ENTREPRENEURSHIP,NO_VERIFIED_SOURCE,0,0,0,0,0,0,0,0,0,0,0,0,0,0,no,0,"NO_LIVE_LESSONS;NO_VERIFIED_SOURCE;NO_GOVERNED_OBJECTIVES;NO_CLASSWORK;NO_HOMEWORK;NO_PRACTICE;NO_QUIZ_OR_ITEMS;NO_TEST_OR_EXAM;NO_DIAGNOSTIC_BINDING;NO_UNIT_STRUCTURE;NO_TEXTBOOK_RESOURCE;NO_EXECUTABLE_RELEASE;NO_TOOL_POLICY"
9,FINANCIAL_LITERACY,NO_VERIFIED_SOURCE,0,0,0,0,0,0,0,0,0,0,0,0,0,0,no,0,"NO_LIVE_LESSONS;NO_VERIFIED_SOURCE;NO_GOVERNED_OBJECTIVES;NO_CLASSWORK;NO_HOMEWORK;NO_PRACTICE;NO_QUIZ_OR_ITEMS;NO_TEST_OR_EXAM;NO_DIAGNOSTIC_BINDING;NO_UNIT_STRUCTURE;NO_TEXTBOOK_RESOURCE;NO_EXECUTABLE_RELEASE;NO_TOOL_POLICY"
9,CAREER_EXPLORATION,NO_VERIFIED_SOURCE,0,0,0,0,0,0,0,0,0,0,0,0,0,0,no,0,"NO_LIVE_LESSONS;NO_VERIFIED_SOURCE;NO_GOVERNED_OBJECTIVES;NO_CLASSWORK;NO_HOMEWORK;NO_PRACTICE;NO_QUIZ_OR_ITEMS;NO_TEST_OR_EXAM;NO_DIAGNOSTIC_BINDING;NO_UNIT_STRUCTURE;NO_TEXTBOOK_RESOURCE;NO_EXECUTABLE_RELEASE;NO_TOOL_POLICY"
9,COMMUNICATION_SKILLS,NO_VERIFIED_SOURCE,0,0,0,0,0,0,0,0,0,0,0,0,0,0,no,0,"NO_LIVE_LESSONS;NO_VERIFIED_SOURCE;NO_GOVERNED_OBJECTIVES;NO_CLASSWORK;NO_HOMEWORK;NO_PRACTICE;NO_QUIZ_OR_ITEMS;NO_TEST_OR_EXAM;NO_DIAGNOSTIC_BINDING;NO_UNIT_STRUCTURE;NO_TEXTBOOK_RESOURCE;NO_EXECUTABLE_RELEASE;NO_TOOL_POLICY"
9,PROBLEM_SOLVING,NO_VERIFIED_SOURCE,0,0,0,0,0,0,0,0,0,0,0,0,0,0,no,0,"NO_LIVE_LESSONS;NO_VERIFIED_SOURCE;NO_GOVERNED_OBJECTIVES;NO_CLASSWORK;NO_HOMEWORK;NO_PRACTICE;NO_QUIZ_OR_ITEMS;NO_TEST_OR_EXAM;NO_DIAGNOSTIC_BINDING;NO_UNIT_STRUCTURE;NO_TEXTBOOK_RESOURCE;NO_EXECUTABLE_RELEASE;NO_TOOL_POLICY"
9,CREATIVITY_INNOVATION,NO_VERIFIED_SOURCE,0,0,0,0,0,0,0,0,0,0,0,0,0,0,no,0,"NO_LIVE_LESSONS;NO_VERIFIED_SOURCE;NO_GOVERNED_OBJECTIVES;NO_CLASSWORK;NO_HOMEWORK;NO_PRACTICE;NO_QUIZ_OR_ITEMS;NO_TEST_OR_EXAM;NO_DIAGNOSTIC_BINDING;NO_UNIT_STRUCTURE;NO_TEXTBOOK_RESOURCE;NO_EXECUTABLE_RELEASE;NO_TOOL_POLICY"
9,AGRICULTURE,NO_VERIFIED_SOURCE,0,0,0,0,0,0,0,0,0,0,0,0,0,0,no,0,"NO_LIVE_LESSONS;NO_VERIFIED_SOURCE;NO_GOVERNED_OBJECTIVES;NO_CLASSWORK;NO_HOMEWORK;NO_PRACTICE;NO_QUIZ_OR_ITEMS;NO_TEST_OR_EXAM;NO_DIAGNOSTIC_BINDING;NO_UNIT_STRUCTURE;NO_TEXTBOOK_RESOURCE;NO_EXECUTABLE_RELEASE;NO_TOOL_POLICY"
9,ENVIRONMENTAL_STUDIES,NO_VERIFIED_SOURCE,0,0,0,0,0,0,0,0,0,0,0,0,0,0,no,0,"NO_LIVE_LESSONS;NO_VERIFIED_SOURCE;NO_GOVERNED_OBJECTIVES;NO_CLASSWORK;NO_HOMEWORK;NO_PRACTICE;NO_QUIZ_OR_ITEMS;NO_TEST_OR_EXAM;NO_DIAGNOSTIC_BINDING;NO_UNIT_STRUCTURE;NO_TEXTBOOK_RESOURCE;NO_EXECUTABLE_RELEASE;NO_TOOL_POLICY"
9,AI_LITERACY,NO_VERIFIED_SOURCE,0,0,0,0,0,0,0,0,0,0,0,0,0,0,no,0,"NO_LIVE_LESSONS;NO_VERIFIED_SOURCE;NO_GOVERNED_OBJECTIVES;NO_CLASSWORK;NO_HOMEWORK;NO_PRACTICE;NO_QUIZ_OR_ITEMS;NO_TEST_OR_EXAM;NO_DIAGNOSTIC_BINDING;NO_UNIT_STRUCTURE;NO_TEXTBOOK_RESOURCE;NO_EXECUTABLE_RELEASE;NO_TOOL_POLICY"
9,DATA_LITERACY,NO_VERIFIED_SOURCE,0,0,0,0,0,0,0,0,0,0,0,0,0,0,no,0,"NO_LIVE_LESSONS;NO_VERIFIED_SOURCE;NO_GOVERNED_OBJECTIVES;NO_CLASSWORK;NO_HOMEWORK;NO_PRACTICE;NO_QUIZ_OR_ITEMS;NO_TEST_OR_EXAM;NO_DIAGNOSTIC_BINDING;NO_UNIT_STRUCTURE;NO_TEXTBOOK_RESOURCE;NO_EXECUTABLE_RELEASE;NO_TOOL_POLICY"
9,ENERGY_INFRASTRUCTURE,NO_VERIFIED_SOURCE,0,0,0,0,0,0,0,0,0,0,0,0,0,0,no,0,"NO_LIVE_LESSONS;NO_VERIFIED_SOURCE;NO_GOVERNED_OBJECTIVES;NO_CLASSWORK;NO_HOMEWORK;NO_PRACTICE;NO_QUIZ_OR_ITEMS;NO_TEST_OR_EXAM;NO_DIAGNOSTIC_BINDING;NO_UNIT_STRUCTURE;NO_TEXTBOOK_RESOURCE;NO_EXECUTABLE_RELEASE;NO_TOOL_POLICY"
10,MATH,AUTHORITY_CONFLICT,1,0,1,1,1,0,1,0,1,1,0,4,0,0,yes,0,"NO_GOVERNED_OBJECTIVES;LESSONS_WITHOUT_HUMAN_REVIEW;UNVERIFIED_PROVENANCE;NO_HOMEWORK;NO_TEST_OR_EXAM;NO_DIAGNOSTIC_BINDING;NO_TEXTBOOK_RESOURCE;NO_EXECUTABLE_RELEASE;NO_TOOL_POLICY"
10,LITERACY,RELEASE_BINDING_GAP,12,0,12,12,0,0,1,0,0,0,0,2,0,0,yes,0,"NO_GOVERNED_OBJECTIVES;LESSONS_WITHOUT_HUMAN_REVIEW;UNVERIFIED_PROVENANCE;NO_CLASSWORK;NO_HOMEWORK;NO_QUIZ_OR_ITEMS;NO_TEST_OR_EXAM;NO_DIAGNOSTIC_BINDING;NO_TEXTBOOK_RESOURCE;NO_EXECUTABLE_RELEASE;NO_TOOL_POLICY;NON_CANONICAL_SUBJECT_BINDING"
10,SCIENCE,RELEASE_BINDING_GAP,1,0,1,1,0,0,1,0,0,0,8,8,0,0,yes,0,"NO_GOVERNED_OBJECTIVES;LESSONS_WITHOUT_HUMAN_REVIEW;UNVERIFIED_PROVENANCE;NO_CLASSWORK;NO_HOMEWORK;NO_QUIZ_OR_ITEMS;NO_TEST_OR_EXAM;NO_DIAGNOSTIC_BINDING;NO_TEXTBOOK_RESOURCE;NO_EXECUTABLE_RELEASE;NO_TOOL_POLICY"
10,SOCIAL_STUDIES,AUTHORITY_CONFLICT,13,0,13,13,13,0,13,0,13,0,0,6,0,0,yes,0,"NO_GOVERNED_OBJECTIVES;LESSONS_WITHOUT_HUMAN_REVIEW;UNVERIFIED_PROVENANCE;NO_HOMEWORK;NO_TEST_OR_EXAM;NO_DIAGNOSTIC_BINDING;NO_TEXTBOOK_RESOURCE;NO_EXECUTABLE_RELEASE;NO_TOOL_POLICY;NON_CANONICAL_SUBJECT_BINDING"
10,CIVICS,NO_VERIFIED_SOURCE,0,0,0,0,0,0,0,0,0,0,0,2,0,0,no,0,"NO_LIVE_LESSONS;NO_VERIFIED_SOURCE;NO_GOVERNED_OBJECTIVES;NO_CLASSWORK;NO_HOMEWORK;NO_PRACTICE;NO_QUIZ_OR_ITEMS;NO_TEST_OR_EXAM;NO_DIAGNOSTIC_BINDING;NO_TEXTBOOK_RESOURCE;NO_EXECUTABLE_RELEASE;NO_TOOL_POLICY"
10,COMPUTER_SCIENCE,RELEASE_BINDING_GAP,18,0,18,18,0,0,0,0,0,0,0,0,0,0,no,0,"NO_VERIFIED_SOURCE;NO_GOVERNED_OBJECTIVES;LESSONS_WITHOUT_HUMAN_REVIEW;UNVERIFIED_PROVENANCE;NO_CLASSWORK;NO_HOMEWORK;NO_QUIZ_OR_ITEMS;NO_TEST_OR_EXAM;NO_DIAGNOSTIC_BINDING;NO_UNIT_STRUCTURE;NO_TEXTBOOK_RESOURCE;NO_EXECUTABLE_RELEASE;NO_TOOL_POLICY"
10,DIGITAL_LITERACY,NO_VERIFIED_SOURCE,0,0,0,0,0,0,0,0,0,0,0,0,0,0,no,0,"NO_LIVE_LESSONS;NO_VERIFIED_SOURCE;NO_GOVERNED_OBJECTIVES;NO_CLASSWORK;NO_HOMEWORK;NO_PRACTICE;NO_QUIZ_OR_ITEMS;NO_TEST_OR_EXAM;NO_DIAGNOSTIC_BINDING;NO_UNIT_STRUCTURE;NO_TEXTBOOK_RESOURCE;NO_EXECUTABLE_RELEASE;NO_TOOL_POLICY"
10,ENGINEERING_FOUNDATIONS,RELEASE_BINDING_GAP,18,0,18,18,0,0,0,0,0,0,0,0,0,0,no,0,"NO_VERIFIED_SOURCE;NO_GOVERNED_OBJECTIVES;LESSONS_WITHOUT_HUMAN_REVIEW;UNVERIFIED_PROVENANCE;NO_CLASSWORK;NO_HOMEWORK;NO_PRACTICE;NO_QUIZ_OR_ITEMS;NO_TEST_OR_EXAM;NO_DIAGNOSTIC_BINDING;NO_UNIT_STRUCTURE;NO_TEXTBOOK_RESOURCE;NO_EXECUTABLE_RELEASE;NO_TOOL_POLICY"
10,BUSINESS_ENTREPRENEURSHIP,NO_VERIFIED_SOURCE,0,0,0,0,0,0,0,0,0,0,0,0,0,0,no,0,"NO_LIVE_LESSONS;NO_VERIFIED_SOURCE;NO_GOVERNED_OBJECTIVES;NO_CLASSWORK;NO_HOMEWORK;NO_PRACTICE;NO_QUIZ_OR_ITEMS;NO_TEST_OR_EXAM;NO_DIAGNOSTIC_BINDING;NO_UNIT_STRUCTURE;NO_TEXTBOOK_RESOURCE;NO_EXECUTABLE_RELEASE;NO_TOOL_POLICY"
10,FINANCIAL_LITERACY,NO_VERIFIED_SOURCE,0,0,0,0,0,0,0,0,0,0,0,0,0,0,no,0,"NO_LIVE_LESSONS;NO_VERIFIED_SOURCE;NO_GOVERNED_OBJECTIVES;NO_CLASSWORK;NO_HOMEWORK;NO_PRACTICE;NO_QUIZ_OR_ITEMS;NO_TEST_OR_EXAM;NO_DIAGNOSTIC_BINDING;NO_UNIT_STRUCTURE;NO_TEXTBOOK_RESOURCE;NO_EXECUTABLE_RELEASE;NO_TOOL_POLICY"
10,CAREER_EXPLORATION,NO_VERIFIED_SOURCE,0,0,0,0,0,0,0,0,0,0,0,0,0,0,no,0,"NO_LIVE_LESSONS;NO_VERIFIED_SOURCE;NO_GOVERNED_OBJECTIVES;NO_CLASSWORK;NO_HOMEWORK;NO_PRACTICE;NO_QUIZ_OR_ITEMS;NO_TEST_OR_EXAM;NO_DIAGNOSTIC_BINDING;NO_UNIT_STRUCTURE;NO_TEXTBOOK_RESOURCE;NO_EXECUTABLE_RELEASE;NO_TOOL_POLICY"
10,COMMUNICATION_SKILLS,NO_VERIFIED_SOURCE,0,0,0,0,0,0,0,0,0,0,0,0,0,0,no,0,"NO_LIVE_LESSONS;NO_VERIFIED_SOURCE;NO_GOVERNED_OBJECTIVES;NO_CLASSWORK;NO_HOMEWORK;NO_PRACTICE;NO_QUIZ_OR_ITEMS;NO_TEST_OR_EXAM;NO_DIAGNOSTIC_BINDING;NO_UNIT_STRUCTURE;NO_TEXTBOOK_RESOURCE;NO_EXECUTABLE_RELEASE;NO_TOOL_POLICY"
10,PROBLEM_SOLVING,NO_VERIFIED_SOURCE,0,0,0,0,0,0,0,0,0,0,0,0,0,0,no,0,"NO_LIVE_LESSONS;NO_VERIFIED_SOURCE;NO_GOVERNED_OBJECTIVES;NO_CLASSWORK;NO_HOMEWORK;NO_PRACTICE;NO_QUIZ_OR_ITEMS;NO_TEST_OR_EXAM;NO_DIAGNOSTIC_BINDING;NO_UNIT_STRUCTURE;NO_TEXTBOOK_RESOURCE;NO_EXECUTABLE_RELEASE;NO_TOOL_POLICY"
10,CREATIVITY_INNOVATION,NO_VERIFIED_SOURCE,0,0,0,0,0,0,0,0,0,0,0,0,0,0,no,0,"NO_LIVE_LESSONS;NO_VERIFIED_SOURCE;NO_GOVERNED_OBJECTIVES;NO_CLASSWORK;NO_HOMEWORK;NO_PRACTICE;NO_QUIZ_OR_ITEMS;NO_TEST_OR_EXAM;NO_DIAGNOSTIC_BINDING;NO_UNIT_STRUCTURE;NO_TEXTBOOK_RESOURCE;NO_EXECUTABLE_RELEASE;NO_TOOL_POLICY"
10,AGRICULTURE,NO_VERIFIED_SOURCE,0,0,0,0,0,0,0,0,0,0,0,0,0,0,no,0,"NO_LIVE_LESSONS;NO_VERIFIED_SOURCE;NO_GOVERNED_OBJECTIVES;NO_CLASSWORK;NO_HOMEWORK;NO_PRACTICE;NO_QUIZ_OR_ITEMS;NO_TEST_OR_EXAM;NO_DIAGNOSTIC_BINDING;NO_UNIT_STRUCTURE;NO_TEXTBOOK_RESOURCE;NO_EXECUTABLE_RELEASE;NO_TOOL_POLICY"
10,ENVIRONMENTAL_STUDIES,NO_VERIFIED_SOURCE,0,0,0,0,0,0,0,0,0,0,0,0,0,0,no,0,"NO_LIVE_LESSONS;NO_VERIFIED_SOURCE;NO_GOVERNED_OBJECTIVES;NO_CLASSWORK;NO_HOMEWORK;NO_PRACTICE;NO_QUIZ_OR_ITEMS;NO_TEST_OR_EXAM;NO_DIAGNOSTIC_BINDING;NO_UNIT_STRUCTURE;NO_TEXTBOOK_RESOURCE;NO_EXECUTABLE_RELEASE;NO_TOOL_POLICY"
10,AI_LITERACY,NO_VERIFIED_SOURCE,0,0,0,0,0,0,0,0,0,0,0,0,0,0,no,0,"NO_LIVE_LESSONS;NO_VERIFIED_SOURCE;NO_GOVERNED_OBJECTIVES;NO_CLASSWORK;NO_HOMEWORK;NO_PRACTICE;NO_QUIZ_OR_ITEMS;NO_TEST_OR_EXAM;NO_DIAGNOSTIC_BINDING;NO_UNIT_STRUCTURE;NO_TEXTBOOK_RESOURCE;NO_EXECUTABLE_RELEASE;NO_TOOL_POLICY"
10,DATA_LITERACY,NO_VERIFIED_SOURCE,0,0,0,0,0,0,0,0,0,0,0,0,0,0,no,0,"NO_LIVE_LESSONS;NO_VERIFIED_SOURCE;NO_GOVERNED_OBJECTIVES;NO_CLASSWORK;NO_HOMEWORK;NO_PRACTICE;NO_QUIZ_OR_ITEMS;NO_TEST_OR_EXAM;NO_DIAGNOSTIC_BINDING;NO_UNIT_STRUCTURE;NO_TEXTBOOK_RESOURCE;NO_EXECUTABLE_RELEASE;NO_TOOL_POLICY"
10,ENERGY_INFRASTRUCTURE,NO_VERIFIED_SOURCE,0,0,0,0,0,0,0,0,0,0,0,0,0,0,no,0,"NO_LIVE_LESSONS;NO_VERIFIED_SOURCE;NO_GOVERNED_OBJECTIVES;NO_CLASSWORK;NO_HOMEWORK;NO_PRACTICE;NO_QUIZ_OR_ITEMS;NO_TEST_OR_EXAM;NO_DIAGNOSTIC_BINDING;NO_UNIT_STRUCTURE;NO_TEXTBOOK_RESOURCE;NO_EXECUTABLE_RELEASE;NO_TOOL_POLICY"
11,MATH,SOURCE_EXISTS_NOT_IMPORTED,0,0,0,0,0,0,0,0,0,0,0,2,0,0,yes,0,"NO_LIVE_LESSONS;NO_GOVERNED_OBJECTIVES;NO_CLASSWORK;NO_HOMEWORK;NO_QUIZ_OR_ITEMS;NO_TEST_OR_EXAM;NO_DIAGNOSTIC_BINDING;NO_TEXTBOOK_RESOURCE;NO_EXECUTABLE_RELEASE;NO_TOOL_POLICY"
11,LITERACY,RELEASE_BINDING_GAP,10,0,10,10,0,0,0,0,0,0,0,2,0,0,yes,0,"NO_GOVERNED_OBJECTIVES;LESSONS_WITHOUT_HUMAN_REVIEW;UNVERIFIED_PROVENANCE;NO_CLASSWORK;NO_HOMEWORK;NO_PRACTICE;NO_QUIZ_OR_ITEMS;NO_TEST_OR_EXAM;NO_DIAGNOSTIC_BINDING;NO_TEXTBOOK_RESOURCE;NO_EXECUTABLE_RELEASE;NO_TOOL_POLICY;NON_CANONICAL_SUBJECT_BINDING"
11,SCIENCE,SOURCE_EXISTS_NOT_IMPORTED,0,0,0,0,0,0,0,0,0,0,6,8,0,0,yes,0,"NO_LIVE_LESSONS;NO_GOVERNED_OBJECTIVES;NO_CLASSWORK;NO_HOMEWORK;NO_QUIZ_OR_ITEMS;NO_TEST_OR_EXAM;NO_DIAGNOSTIC_BINDING;NO_TEXTBOOK_RESOURCE;NO_EXECUTABLE_RELEASE;NO_TOOL_POLICY"
11,SOCIAL_STUDIES,AUTHORITY_CONFLICT,13,0,13,13,13,0,13,0,13,0,0,6,0,0,yes,0,"NO_GOVERNED_OBJECTIVES;LESSONS_WITHOUT_HUMAN_REVIEW;UNVERIFIED_PROVENANCE;NO_HOMEWORK;NO_TEST_OR_EXAM;NO_DIAGNOSTIC_BINDING;NO_TEXTBOOK_RESOURCE;NO_EXECUTABLE_RELEASE;NO_TOOL_POLICY;NON_CANONICAL_SUBJECT_BINDING"
11,CIVICS,NO_VERIFIED_SOURCE,0,0,0,0,0,0,0,0,0,0,0,2,0,0,no,0,"NO_LIVE_LESSONS;NO_VERIFIED_SOURCE;NO_GOVERNED_OBJECTIVES;NO_CLASSWORK;NO_HOMEWORK;NO_PRACTICE;NO_QUIZ_OR_ITEMS;NO_TEST_OR_EXAM;NO_DIAGNOSTIC_BINDING;NO_TEXTBOOK_RESOURCE;NO_EXECUTABLE_RELEASE;NO_TOOL_POLICY"
11,COMPUTER_SCIENCE,RELEASE_BINDING_GAP,22,0,22,22,0,0,0,0,0,0,0,0,0,0,no,0,"NO_VERIFIED_SOURCE;NO_GOVERNED_OBJECTIVES;LESSONS_WITHOUT_HUMAN_REVIEW;UNVERIFIED_PROVENANCE;NO_CLASSWORK;NO_HOMEWORK;NO_QUIZ_OR_ITEMS;NO_TEST_OR_EXAM;NO_DIAGNOSTIC_BINDING;NO_UNIT_STRUCTURE;NO_TEXTBOOK_RESOURCE;NO_EXECUTABLE_RELEASE;NO_TOOL_POLICY"
11,DIGITAL_LITERACY,NO_VERIFIED_SOURCE,0,0,0,0,0,0,0,0,0,0,0,0,0,0,no,0,"NO_LIVE_LESSONS;NO_VERIFIED_SOURCE;NO_GOVERNED_OBJECTIVES;NO_CLASSWORK;NO_HOMEWORK;NO_PRACTICE;NO_QUIZ_OR_ITEMS;NO_TEST_OR_EXAM;NO_DIAGNOSTIC_BINDING;NO_UNIT_STRUCTURE;NO_TEXTBOOK_RESOURCE;NO_EXECUTABLE_RELEASE;NO_TOOL_POLICY"
11,ENGINEERING_FOUNDATIONS,RELEASE_BINDING_GAP,21,0,21,21,0,0,0,0,0,0,0,0,0,0,no,0,"NO_VERIFIED_SOURCE;NO_GOVERNED_OBJECTIVES;LESSONS_WITHOUT_HUMAN_REVIEW;UNVERIFIED_PROVENANCE;NO_CLASSWORK;NO_HOMEWORK;NO_PRACTICE;NO_QUIZ_OR_ITEMS;NO_TEST_OR_EXAM;NO_DIAGNOSTIC_BINDING;NO_UNIT_STRUCTURE;NO_TEXTBOOK_RESOURCE;NO_EXECUTABLE_RELEASE;NO_TOOL_POLICY"
11,BUSINESS_ENTREPRENEURSHIP,NO_VERIFIED_SOURCE,0,0,0,0,0,0,0,0,0,0,0,0,0,0,no,0,"NO_LIVE_LESSONS;NO_VERIFIED_SOURCE;NO_GOVERNED_OBJECTIVES;NO_CLASSWORK;NO_HOMEWORK;NO_PRACTICE;NO_QUIZ_OR_ITEMS;NO_TEST_OR_EXAM;NO_DIAGNOSTIC_BINDING;NO_UNIT_STRUCTURE;NO_TEXTBOOK_RESOURCE;NO_EXECUTABLE_RELEASE;NO_TOOL_POLICY"
11,FINANCIAL_LITERACY,NO_VERIFIED_SOURCE,0,0,0,0,0,0,0,0,0,0,0,0,0,0,no,0,"NO_LIVE_LESSONS;NO_VERIFIED_SOURCE;NO_GOVERNED_OBJECTIVES;NO_CLASSWORK;NO_HOMEWORK;NO_PRACTICE;NO_QUIZ_OR_ITEMS;NO_TEST_OR_EXAM;NO_DIAGNOSTIC_BINDING;NO_UNIT_STRUCTURE;NO_TEXTBOOK_RESOURCE;NO_EXECUTABLE_RELEASE;NO_TOOL_POLICY"
11,CAREER_EXPLORATION,NO_VERIFIED_SOURCE,0,0,0,0,0,0,0,0,0,0,0,0,0,0,no,0,"NO_LIVE_LESSONS;NO_VERIFIED_SOURCE;NO_GOVERNED_OBJECTIVES;NO_CLASSWORK;NO_HOMEWORK;NO_PRACTICE;NO_QUIZ_OR_ITEMS;NO_TEST_OR_EXAM;NO_DIAGNOSTIC_BINDING;NO_UNIT_STRUCTURE;NO_TEXTBOOK_RESOURCE;NO_EXECUTABLE_RELEASE;NO_TOOL_POLICY"
11,COMMUNICATION_SKILLS,NO_VERIFIED_SOURCE,0,0,0,0,0,0,0,0,0,0,0,0,0,0,no,0,"NO_LIVE_LESSONS;NO_VERIFIED_SOURCE;NO_GOVERNED_OBJECTIVES;NO_CLASSWORK;NO_HOMEWORK;NO_PRACTICE;NO_QUIZ_OR_ITEMS;NO_TEST_OR_EXAM;NO_DIAGNOSTIC_BINDING;NO_UNIT_STRUCTURE;NO_TEXTBOOK_RESOURCE;NO_EXECUTABLE_RELEASE;NO_TOOL_POLICY"
11,PROBLEM_SOLVING,NO_VERIFIED_SOURCE,0,0,0,0,0,0,0,0,0,0,0,0,0,0,no,0,"NO_LIVE_LESSONS;NO_VERIFIED_SOURCE;NO_GOVERNED_OBJECTIVES;NO_CLASSWORK;NO_HOMEWORK;NO_PRACTICE;NO_QUIZ_OR_ITEMS;NO_TEST_OR_EXAM;NO_DIAGNOSTIC_BINDING;NO_UNIT_STRUCTURE;NO_TEXTBOOK_RESOURCE;NO_EXECUTABLE_RELEASE;NO_TOOL_POLICY"
11,CREATIVITY_INNOVATION,NO_VERIFIED_SOURCE,0,0,0,0,0,0,0,0,0,0,0,0,0,0,no,0,"NO_LIVE_LESSONS;NO_VERIFIED_SOURCE;NO_GOVERNED_OBJECTIVES;NO_CLASSWORK;NO_HOMEWORK;NO_PRACTICE;NO_QUIZ_OR_ITEMS;NO_TEST_OR_EXAM;NO_DIAGNOSTIC_BINDING;NO_UNIT_STRUCTURE;NO_TEXTBOOK_RESOURCE;NO_EXECUTABLE_RELEASE;NO_TOOL_POLICY"
11,AGRICULTURE,NO_VERIFIED_SOURCE,0,0,0,0,0,0,0,0,0,0,0,0,0,0,no,0,"NO_LIVE_LESSONS;NO_VERIFIED_SOURCE;NO_GOVERNED_OBJECTIVES;NO_CLASSWORK;NO_HOMEWORK;NO_PRACTICE;NO_QUIZ_OR_ITEMS;NO_TEST_OR_EXAM;NO_DIAGNOSTIC_BINDING;NO_UNIT_STRUCTURE;NO_TEXTBOOK_RESOURCE;NO_EXECUTABLE_RELEASE;NO_TOOL_POLICY"
11,ENVIRONMENTAL_STUDIES,NO_VERIFIED_SOURCE,0,0,0,0,0,0,0,0,0,0,0,0,0,0,no,0,"NO_LIVE_LESSONS;NO_VERIFIED_SOURCE;NO_GOVERNED_OBJECTIVES;NO_CLASSWORK;NO_HOMEWORK;NO_PRACTICE;NO_QUIZ_OR_ITEMS;NO_TEST_OR_EXAM;NO_DIAGNOSTIC_BINDING;NO_UNIT_STRUCTURE;NO_TEXTBOOK_RESOURCE;NO_EXECUTABLE_RELEASE;NO_TOOL_POLICY"
11,AI_LITERACY,NO_VERIFIED_SOURCE,0,0,0,0,0,0,0,0,0,0,0,0,0,0,no,0,"NO_LIVE_LESSONS;NO_VERIFIED_SOURCE;NO_GOVERNED_OBJECTIVES;NO_CLASSWORK;NO_HOMEWORK;NO_PRACTICE;NO_QUIZ_OR_ITEMS;NO_TEST_OR_EXAM;NO_DIAGNOSTIC_BINDING;NO_UNIT_STRUCTURE;NO_TEXTBOOK_RESOURCE;NO_EXECUTABLE_RELEASE;NO_TOOL_POLICY"
11,DATA_LITERACY,NO_VERIFIED_SOURCE,0,0,0,0,0,0,0,0,0,0,0,0,0,0,no,0,"NO_LIVE_LESSONS;NO_VERIFIED_SOURCE;NO_GOVERNED_OBJECTIVES;NO_CLASSWORK;NO_HOMEWORK;NO_PRACTICE;NO_QUIZ_OR_ITEMS;NO_TEST_OR_EXAM;NO_DIAGNOSTIC_BINDING;NO_UNIT_STRUCTURE;NO_TEXTBOOK_RESOURCE;NO_EXECUTABLE_RELEASE;NO_TOOL_POLICY"
11,ENERGY_INFRASTRUCTURE,NO_VERIFIED_SOURCE,0,0,0,0,0,0,0,0,0,0,0,0,0,0,no,0,"NO_LIVE_LESSONS;NO_VERIFIED_SOURCE;NO_GOVERNED_OBJECTIVES;NO_CLASSWORK;NO_HOMEWORK;NO_PRACTICE;NO_QUIZ_OR_ITEMS;NO_TEST_OR_EXAM;NO_DIAGNOSTIC_BINDING;NO_UNIT_STRUCTURE;NO_TEXTBOOK_RESOURCE;NO_EXECUTABLE_RELEASE;NO_TOOL_POLICY"
12,MATH,AUTHORITY_CONFLICT,16,0,16,16,16,0,16,0,16,15,0,3,1,0,yes,0,"LESSONS_WITHOUT_HUMAN_REVIEW;UNVERIFIED_PROVENANCE;NO_HOMEWORK;NO_TEST_OR_EXAM;NO_DIAGNOSTIC_BINDING;NO_TEXTBOOK_RESOURCE;NO_EXECUTABLE_RELEASE;NO_TOOL_POLICY"
12,LITERACY,AUTHORITY_CONFLICT,18,0,18,18,8,0,8,0,8,8,0,2,1,0,yes,0,"LESSONS_WITHOUT_HUMAN_REVIEW;UNVERIFIED_PROVENANCE;NO_HOMEWORK;NO_TEST_OR_EXAM;NO_DIAGNOSTIC_BINDING;NO_TEXTBOOK_RESOURCE;NO_EXECUTABLE_RELEASE;NO_TOOL_POLICY;NON_CANONICAL_SUBJECT_BINDING"
12,SCIENCE,AUTHORITY_CONFLICT,11,0,11,11,11,0,11,0,11,10,3,8,3,0,yes,0,"LESSONS_WITHOUT_HUMAN_REVIEW;UNVERIFIED_PROVENANCE;NO_HOMEWORK;NO_TEST_OR_EXAM;NO_DIAGNOSTIC_BINDING;NO_TEXTBOOK_RESOURCE;NO_EXECUTABLE_RELEASE;NO_TOOL_POLICY"
12,SOCIAL_STUDIES,AUTHORITY_CONFLICT,19,0,19,19,19,0,19,0,19,0,0,6,2,0,yes,0,"LESSONS_WITHOUT_HUMAN_REVIEW;UNVERIFIED_PROVENANCE;NO_HOMEWORK;NO_TEST_OR_EXAM;NO_DIAGNOSTIC_BINDING;NO_TEXTBOOK_RESOURCE;NO_EXECUTABLE_RELEASE;NO_TOOL_POLICY;NON_CANONICAL_SUBJECT_BINDING"
12,CIVICS,AUTHORITY_CONFLICT,9,0,9,9,9,0,9,0,9,0,0,2,0,0,no,0,"NO_VERIFIED_SOURCE;NO_GOVERNED_OBJECTIVES;LESSONS_WITHOUT_HUMAN_REVIEW;UNVERIFIED_PROVENANCE;NO_HOMEWORK;NO_TEST_OR_EXAM;NO_DIAGNOSTIC_BINDING;NO_TEXTBOOK_RESOURCE;NO_EXECUTABLE_RELEASE;NO_TOOL_POLICY"
12,COMPUTER_SCIENCE,RELEASE_BINDING_GAP,24,0,24,24,0,0,0,0,0,0,0,0,0,0,no,0,"NO_VERIFIED_SOURCE;NO_GOVERNED_OBJECTIVES;LESSONS_WITHOUT_HUMAN_REVIEW;UNVERIFIED_PROVENANCE;NO_CLASSWORK;NO_HOMEWORK;NO_QUIZ_OR_ITEMS;NO_TEST_OR_EXAM;NO_DIAGNOSTIC_BINDING;NO_UNIT_STRUCTURE;NO_TEXTBOOK_RESOURCE;NO_EXECUTABLE_RELEASE;NO_TOOL_POLICY"
12,DIGITAL_LITERACY,NO_VERIFIED_SOURCE,0,0,0,0,0,0,0,0,0,0,0,0,0,0,no,0,"NO_LIVE_LESSONS;NO_VERIFIED_SOURCE;NO_GOVERNED_OBJECTIVES;NO_CLASSWORK;NO_HOMEWORK;NO_PRACTICE;NO_QUIZ_OR_ITEMS;NO_TEST_OR_EXAM;NO_DIAGNOSTIC_BINDING;NO_UNIT_STRUCTURE;NO_TEXTBOOK_RESOURCE;NO_EXECUTABLE_RELEASE;NO_TOOL_POLICY"
12,ENGINEERING_FOUNDATIONS,RELEASE_BINDING_GAP,19,0,19,19,0,0,0,0,0,0,0,0,0,0,no,0,"NO_VERIFIED_SOURCE;NO_GOVERNED_OBJECTIVES;LESSONS_WITHOUT_HUMAN_REVIEW;UNVERIFIED_PROVENANCE;NO_CLASSWORK;NO_HOMEWORK;NO_PRACTICE;NO_QUIZ_OR_ITEMS;NO_TEST_OR_EXAM;NO_DIAGNOSTIC_BINDING;NO_UNIT_STRUCTURE;NO_TEXTBOOK_RESOURCE;NO_EXECUTABLE_RELEASE;NO_TOOL_POLICY"
12,BUSINESS_ENTREPRENEURSHIP,NO_VERIFIED_SOURCE,0,0,0,0,0,0,0,0,0,0,0,0,0,0,no,0,"NO_LIVE_LESSONS;NO_VERIFIED_SOURCE;NO_GOVERNED_OBJECTIVES;NO_CLASSWORK;NO_HOMEWORK;NO_PRACTICE;NO_QUIZ_OR_ITEMS;NO_TEST_OR_EXAM;NO_DIAGNOSTIC_BINDING;NO_UNIT_STRUCTURE;NO_TEXTBOOK_RESOURCE;NO_EXECUTABLE_RELEASE;NO_TOOL_POLICY"
12,FINANCIAL_LITERACY,NO_VERIFIED_SOURCE,0,0,0,0,0,0,0,0,0,0,0,0,0,0,no,0,"NO_LIVE_LESSONS;NO_VERIFIED_SOURCE;NO_GOVERNED_OBJECTIVES;NO_CLASSWORK;NO_HOMEWORK;NO_PRACTICE;NO_QUIZ_OR_ITEMS;NO_TEST_OR_EXAM;NO_DIAGNOSTIC_BINDING;NO_UNIT_STRUCTURE;NO_TEXTBOOK_RESOURCE;NO_EXECUTABLE_RELEASE;NO_TOOL_POLICY"
12,CAREER_EXPLORATION,NO_VERIFIED_SOURCE,0,0,0,0,0,0,0,0,0,0,0,0,0,0,no,0,"NO_LIVE_LESSONS;NO_VERIFIED_SOURCE;NO_GOVERNED_OBJECTIVES;NO_CLASSWORK;NO_HOMEWORK;NO_PRACTICE;NO_QUIZ_OR_ITEMS;NO_TEST_OR_EXAM;NO_DIAGNOSTIC_BINDING;NO_UNIT_STRUCTURE;NO_TEXTBOOK_RESOURCE;NO_EXECUTABLE_RELEASE;NO_TOOL_POLICY"
12,COMMUNICATION_SKILLS,NO_VERIFIED_SOURCE,0,0,0,0,0,0,0,0,0,0,0,0,0,0,no,0,"NO_LIVE_LESSONS;NO_VERIFIED_SOURCE;NO_GOVERNED_OBJECTIVES;NO_CLASSWORK;NO_HOMEWORK;NO_PRACTICE;NO_QUIZ_OR_ITEMS;NO_TEST_OR_EXAM;NO_DIAGNOSTIC_BINDING;NO_UNIT_STRUCTURE;NO_TEXTBOOK_RESOURCE;NO_EXECUTABLE_RELEASE;NO_TOOL_POLICY"
12,PROBLEM_SOLVING,NO_VERIFIED_SOURCE,0,0,0,0,0,0,0,0,0,0,0,0,0,0,no,0,"NO_LIVE_LESSONS;NO_VERIFIED_SOURCE;NO_GOVERNED_OBJECTIVES;NO_CLASSWORK;NO_HOMEWORK;NO_PRACTICE;NO_QUIZ_OR_ITEMS;NO_TEST_OR_EXAM;NO_DIAGNOSTIC_BINDING;NO_UNIT_STRUCTURE;NO_TEXTBOOK_RESOURCE;NO_EXECUTABLE_RELEASE;NO_TOOL_POLICY"
12,CREATIVITY_INNOVATION,NO_VERIFIED_SOURCE,0,0,0,0,0,0,0,0,0,0,0,0,0,0,no,0,"NO_LIVE_LESSONS;NO_VERIFIED_SOURCE;NO_GOVERNED_OBJECTIVES;NO_CLASSWORK;NO_HOMEWORK;NO_PRACTICE;NO_QUIZ_OR_ITEMS;NO_TEST_OR_EXAM;NO_DIAGNOSTIC_BINDING;NO_UNIT_STRUCTURE;NO_TEXTBOOK_RESOURCE;NO_EXECUTABLE_RELEASE;NO_TOOL_POLICY"
12,AGRICULTURE,NO_VERIFIED_SOURCE,0,0,0,0,0,0,0,0,0,0,0,0,0,0,no,0,"NO_LIVE_LESSONS;NO_VERIFIED_SOURCE;NO_GOVERNED_OBJECTIVES;NO_CLASSWORK;NO_HOMEWORK;NO_PRACTICE;NO_QUIZ_OR_ITEMS;NO_TEST_OR_EXAM;NO_DIAGNOSTIC_BINDING;NO_UNIT_STRUCTURE;NO_TEXTBOOK_RESOURCE;NO_EXECUTABLE_RELEASE;NO_TOOL_POLICY"
12,ENVIRONMENTAL_STUDIES,NO_VERIFIED_SOURCE,0,0,0,0,0,0,0,0,0,0,0,0,0,0,no,0,"NO_LIVE_LESSONS;NO_VERIFIED_SOURCE;NO_GOVERNED_OBJECTIVES;NO_CLASSWORK;NO_HOMEWORK;NO_PRACTICE;NO_QUIZ_OR_ITEMS;NO_TEST_OR_EXAM;NO_DIAGNOSTIC_BINDING;NO_UNIT_STRUCTURE;NO_TEXTBOOK_RESOURCE;NO_EXECUTABLE_RELEASE;NO_TOOL_POLICY"
12,AI_LITERACY,NO_VERIFIED_SOURCE,0,0,0,0,0,0,0,0,0,0,0,0,0,0,no,0,"NO_LIVE_LESSONS;NO_VERIFIED_SOURCE;NO_GOVERNED_OBJECTIVES;NO_CLASSWORK;NO_HOMEWORK;NO_PRACTICE;NO_QUIZ_OR_ITEMS;NO_TEST_OR_EXAM;NO_DIAGNOSTIC_BINDING;NO_UNIT_STRUCTURE;NO_TEXTBOOK_RESOURCE;NO_EXECUTABLE_RELEASE;NO_TOOL_POLICY"
12,DATA_LITERACY,NO_VERIFIED_SOURCE,0,0,0,0,0,0,0,0,0,0,0,0,0,0,no,0,"NO_LIVE_LESSONS;NO_VERIFIED_SOURCE;NO_GOVERNED_OBJECTIVES;NO_CLASSWORK;NO_HOMEWORK;NO_PRACTICE;NO_QUIZ_OR_ITEMS;NO_TEST_OR_EXAM;NO_DIAGNOSTIC_BINDING;NO_UNIT_STRUCTURE;NO_TEXTBOOK_RESOURCE;NO_EXECUTABLE_RELEASE;NO_TOOL_POLICY"
12,ENERGY_INFRASTRUCTURE,NO_VERIFIED_SOURCE,0,0,0,0,0,0,0,0,0,0,0,0,0,0,no,0,"NO_LIVE_LESSONS;NO_VERIFIED_SOURCE;NO_GOVERNED_OBJECTIVES;NO_CLASSWORK;NO_HOMEWORK;NO_PRACTICE;NO_QUIZ_OR_ITEMS;NO_TEST_OR_EXAM;NO_DIAGNOSTIC_BINDING;NO_UNIT_STRUCTURE;NO_TEXTBOOK_RESOURCE;NO_EXECUTABLE_RELEASE;NO_TOOL_POLICY"
